Accident_ID,Severity
1,Highly_Fatal_And_Damaging
10,Minor_Damage_And_Injuries
14,Significant_Damage_And_Serious_Injuries
17,Highly_Fatal_And_Damaging
21,Significant_Damage_And_Fatalities
40,Highly_Fatal_And_Damaging
45,Significant_Damage_And_Fatalities
50,Highly_Fatal_And_Damaging
52,Highly_Fatal_And_Damaging
85,Highly_Fatal_And_Damaging
95,Significant_Damage_And_Serious_Injuries
106,Highly_Fatal_And_Damaging
111,Minor_Damage_And_Injuries
123,Significant_Damage_And_Serious_Injuries
129,Minor_Damage_And_Injuries
130,Highly_Fatal_And_Damaging
132,Significant_Damage_And_Serious_Injuries
137,Minor_Damage_And_Injuries
159,Minor_Damage_And_Injuries
161,Minor_Damage_And_Injuries
162,Significant_Damage_And_Serious_Injuries
166,Minor_Damage_And_Injuries
170,Highly_Fatal_And_Damaging
173,Minor_Damage_And_Injuries
177,Minor_Damage_And_Injuries
180,Minor_Damage_And_Injuries
182,Significant_Damage_And_Fatalities
183,Minor_Damage_And_Injuries
184,Highly_Fatal_And_Damaging
188,Highly_Fatal_And_Damaging
190,Significant_Damage_And_Serious_Injuries
191,Significant_Damage_And_Serious_Injuries
201,Highly_Fatal_And_Damaging
203,Highly_Fatal_And_Damaging
206,Minor_Damage_And_Injuries
217,Significant_Damage_And_Fatalities
220,Highly_Fatal_And_Damaging
221,Significant_Damage_And_Fatalities
225,Highly_Fatal_And_Damaging
229,Significant_Damage_And_Serious_Injuries
231,Significant_Damage_And_Fatalities
232,Significant_Damage_And_Serious_Injuries
234,Highly_Fatal_And_Damaging
236,Significant_Damage_And_Fatalities
237,Significant_Damage_And_Fatalities
240,Highly_Fatal_And_Damaging
245,Minor_Damage_And_Injuries
250,Significant_Damage_And_Fatalities
252,Significant_Damage_And_Serious_Injuries
254,Minor_Damage_And_Injuries
261,Significant_Damage_And_Serious_Injuries
265,Highly_Fatal_And_Damaging
266,Significant_Damage_And_Fatalities
271,Highly_Fatal_And_Damaging
273,Highly_Fatal_And_Damaging
274,Minor_Damage_And_Injuries
275,Significant_Damage_And_Serious_Injuries
280,Significant_Damage_And_Fatalities
285,Minor_Damage_And_Injuries
292,Significant_Damage_And_Fatalities
304,Significant_Damage_And_Fatalities
311,Highly_Fatal_And_Damaging
316,Significant_Damage_And_Fatalities
317,Minor_Damage_And_Injuries
318,Significant_Damage_And_Serious_Injuries
321,Significant_Damage_And_Serious_Injuries
322,Significant_Damage_And_Serious_Injuries
327,Significant_Damage_And_Fatalities
332,Highly_Fatal_And_Damaging
338,Significant_Damage_And_Serious_Injuries
356,Highly_Fatal_And_Damaging
364,Highly_Fatal_And_Damaging
372,Highly_Fatal_And_Damaging
379,Minor_Damage_And_Injuries
380,Minor_Damage_And_Injuries
384,Highly_Fatal_And_Damaging
388,Significant_Damage_And_Serious_Injuries
390,Minor_Damage_And_Injuries
401,Significant_Damage_And_Fatalities
408,Highly_Fatal_And_Damaging
413,Highly_Fatal_And_Damaging
416,Significant_Damage_And_Fatalities
426,Highly_Fatal_And_Damaging
428,Highly_Fatal_And_Damaging
432,Significant_Damage_And_Fatalities
433,Significant_Damage_And_Serious_Injuries
437,Minor_Damage_And_Injuries
440,Significant_Damage_And_Fatalities
444,Significant_Damage_And_Fatalities
447,Significant_Damage_And_Fatalities
451,Significant_Damage_And_Fatalities
461,Highly_Fatal_And_Damaging
469,Significant_Damage_And_Serious_Injuries
470,Significant_Damage_And_Fatalities
481,Highly_Fatal_And_Damaging
483,Minor_Damage_And_Injuries
490,Significant_Damage_And_Fatalities
491,Highly_Fatal_And_Damaging
494,Highly_Fatal_And_Damaging
495,Minor_Damage_And_Injuries
497,Highly_Fatal_And_Damaging
504,Significant_Damage_And_Fatalities
509,Highly_Fatal_And_Damaging
511,Minor_Damage_And_Injuries
513,Highly_Fatal_And_Damaging
514,Highly_Fatal_And_Damaging
518,Minor_Damage_And_Injuries
520,Highly_Fatal_And_Damaging
526,Significant_Damage_And_Fatalities
529,Highly_Fatal_And_Damaging
530,Significant_Damage_And_Serious_Injuries
532,Significant_Damage_And_Fatalities
536,Highly_Fatal_And_Damaging
543,Minor_Damage_And_Injuries
553,Highly_Fatal_And_Damaging
559,Minor_Damage_And_Injuries
561,Significant_Damage_And_Serious_Injuries
563,Highly_Fatal_And_Damaging
566,Highly_Fatal_And_Damaging
593,Significant_Damage_And_Fatalities
595,Significant_Damage_And_Serious_Injuries
597,Significant_Damage_And_Serious_Injuries
602,Highly_Fatal_And_Damaging
604,Minor_Damage_And_Injuries
615,Minor_Damage_And_Injuries
617,Significant_Damage_And_Fatalities
618,Significant_Damage_And_Serious_Injuries
622,Significant_Damage_And_Fatalities
626,Significant_Damage_And_Serious_Injuries
633,Minor_Damage_And_Injuries
636,Significant_Damage_And_Fatalities
642,Significant_Damage_And_Serious_Injuries
648,Significant_Damage_And_Fatalities
651,Minor_Damage_And_Injuries
653,Significant_Damage_And_Serious_Injuries
658,Significant_Damage_And_Serious_Injuries
659,Minor_Damage_And_Injuries
660,Highly_Fatal_And_Damaging
662,Significant_Damage_And_Serious_Injuries
665,Minor_Damage_And_Injuries
674,Significant_Damage_And_Fatalities
676,Significant_Damage_And_Fatalities
682,Highly_Fatal_And_Damaging
686,Minor_Damage_And_Injuries
687,Highly_Fatal_And_Damaging
692,Minor_Damage_And_Injuries
699,Highly_Fatal_And_Damaging
703,Significant_Damage_And_Fatalities
706,Highly_Fatal_And_Damaging
708,Minor_Damage_And_Injuries
714,Minor_Damage_And_Injuries
719,Significant_Damage_And_Fatalities
721,Minor_Damage_And_Injuries
725,Highly_Fatal_And_Damaging
728,Highly_Fatal_And_Damaging
733,Highly_Fatal_And_Damaging
735,Highly_Fatal_And_Damaging
736,Significant_Damage_And_Serious_Injuries
745,Minor_Damage_And_Injuries
762,Significant_Damage_And_Serious_Injuries
768,Significant_Damage_And_Fatalities
773,Significant_Damage_And_Serious_Injuries
777,Significant_Damage_And_Serious_Injuries
781,Significant_Damage_And_Fatalities
782,Highly_Fatal_And_Damaging
797,Highly_Fatal_And_Damaging
801,Highly_Fatal_And_Damaging
815,Significant_Damage_And_Fatalities
818,Highly_Fatal_And_Damaging
824,Minor_Damage_And_Injuries
832,Significant_Damage_And_Serious_Injuries
834,Significant_Damage_And_Serious_Injuries
842,Significant_Damage_And_Serious_Injuries
850,Significant_Damage_And_Serious_Injuries
855,Highly_Fatal_And_Damaging
860,Minor_Damage_And_Injuries
865,Highly_Fatal_And_Damaging
867,Highly_Fatal_And_Damaging
868,Significant_Damage_And_Fatalities
873,Significant_Damage_And_Serious_Injuries
876,Highly_Fatal_And_Damaging
882,Significant_Damage_And_Fatalities
886,Significant_Damage_And_Serious_Injuries
887,Highly_Fatal_And_Damaging
888,Significant_Damage_And_Fatalities
889,Highly_Fatal_And_Damaging
898,Significant_Damage_And_Fatalities
902,Significant_Damage_And_Serious_Injuries
908,Highly_Fatal_And_Damaging
909,Significant_Damage_And_Serious_Injuries
914,Significant_Damage_And_Serious_Injuries
927,Minor_Damage_And_Injuries
940,Significant_Damage_And_Serious_Injuries
944,Significant_Damage_And_Fatalities
950,Highly_Fatal_And_Damaging
951,Highly_Fatal_And_Damaging
953,Significant_Damage_And_Fatalities
956,Significant_Damage_And_Serious_Injuries
967,Significant_Damage_And_Fatalities
977,Significant_Damage_And_Fatalities
978,Highly_Fatal_And_Damaging
979,Highly_Fatal_And_Damaging
982,Significant_Damage_And_Fatalities
989,Minor_Damage_And_Injuries
990,Highly_Fatal_And_Damaging
999,Highly_Fatal_And_Damaging
1005,Minor_Damage_And_Injuries
1011,Significant_Damage_And_Serious_Injuries
1013,Significant_Damage_And_Serious_Injuries
1015,Highly_Fatal_And_Damaging
1018,Significant_Damage_And_Fatalities
1021,Minor_Damage_And_Injuries
1022,Significant_Damage_And_Fatalities
1024,Significant_Damage_And_Serious_Injuries
1025,Significant_Damage_And_Fatalities
1031,Highly_Fatal_And_Damaging
1036,Significant_Damage_And_Serious_Injuries
1048,Significant_Damage_And_Fatalities
1050,Significant_Damage_And_Serious_Injuries
1055,Significant_Damage_And_Fatalities
1057,Significant_Damage_And_Serious_Injuries
1072,Significant_Damage_And_Serious_Injuries
1075,Significant_Damage_And_Fatalities
1082,Significant_Damage_And_Serious_Injuries
1102,Minor_Damage_And_Injuries
1103,Significant_Damage_And_Fatalities
1109,Highly_Fatal_And_Damaging
1114,Significant_Damage_And_Serious_Injuries
1116,Significant_Damage_And_Fatalities
1123,Highly_Fatal_And_Damaging
1127,Significant_Damage_And_Fatalities
1135,Significant_Damage_And_Serious_Injuries
1143,Highly_Fatal_And_Damaging
1144,Significant_Damage_And_Fatalities
1147,Highly_Fatal_And_Damaging
1149,Minor_Damage_And_Injuries
1155,Minor_Damage_And_Injuries
1158,Significant_Damage_And_Serious_Injuries
1160,Significant_Damage_And_Serious_Injuries
1164,Highly_Fatal_And_Damaging
1170,Highly_Fatal_And_Damaging
1175,Highly_Fatal_And_Damaging
1179,Significant_Damage_And_Serious_Injuries
1186,Significant_Damage_And_Serious_Injuries
1193,Significant_Damage_And_Serious_Injuries
1197,Minor_Damage_And_Injuries
1198,Significant_Damage_And_Serious_Injuries
1207,Highly_Fatal_And_Damaging
1213,Minor_Damage_And_Injuries
1217,Highly_Fatal_And_Damaging
1226,Highly_Fatal_And_Damaging
1227,Highly_Fatal_And_Damaging
1234,Significant_Damage_And_Fatalities
1238,Significant_Damage_And_Serious_Injuries
1240,Significant_Damage_And_Serious_Injuries
1242,Significant_Damage_And_Serious_Injuries
1250,Significant_Damage_And_Serious_Injuries
1251,Significant_Damage_And_Serious_Injuries
1256,Significant_Damage_And_Serious_Injuries
1258,Highly_Fatal_And_Damaging
1269,Significant_Damage_And_Fatalities
1270,Significant_Damage_And_Serious_Injuries
1271,Highly_Fatal_And_Damaging
1272,Minor_Damage_And_Injuries
1279,Significant_Damage_And_Serious_Injuries
1282,Significant_Damage_And_Serious_Injuries
1284,Highly_Fatal_And_Damaging
1285,Significant_Damage_And_Fatalities
1286,Minor_Damage_And_Injuries
1294,Significant_Damage_And_Fatalities
1305,Significant_Damage_And_Fatalities
1310,Significant_Damage_And_Serious_Injuries
1312,Minor_Damage_And_Injuries
1325,Highly_Fatal_And_Damaging
1333,Minor_Damage_And_Injuries
1343,Significant_Damage_And_Serious_Injuries
1347,Significant_Damage_And_Fatalities
1348,Highly_Fatal_And_Damaging
1350,Minor_Damage_And_Injuries
1355,Minor_Damage_And_Injuries
1357,Significant_Damage_And_Serious_Injuries
1371,Significant_Damage_And_Fatalities
1378,Significant_Damage_And_Fatalities
1393,Significant_Damage_And_Serious_Injuries
1398,Minor_Damage_And_Injuries
1405,Minor_Damage_And_Injuries
1406,Significant_Damage_And_Fatalities
1407,Highly_Fatal_And_Damaging
1421,Highly_Fatal_And_Damaging
1431,Significant_Damage_And_Fatalities
1432,Significant_Damage_And_Fatalities
1437,Minor_Damage_And_Injuries
1439,Highly_Fatal_And_Damaging
1440,Significant_Damage_And_Fatalities
1441,Highly_Fatal_And_Damaging
1442,Minor_Damage_And_Injuries
1448,Highly_Fatal_And_Damaging
1450,Highly_Fatal_And_Damaging
1453,Minor_Damage_And_Injuries
1454,Significant_Damage_And_Serious_Injuries
1460,Significant_Damage_And_Serious_Injuries
1461,Minor_Damage_And_Injuries
1473,Highly_Fatal_And_Damaging
1481,Significant_Damage_And_Fatalities
1488,Significant_Damage_And_Fatalities
1499,Significant_Damage_And_Fatalities
1502,Significant_Damage_And_Serious_Injuries
1505,Significant_Damage_And_Serious_Injuries
1511,Significant_Damage_And_Fatalities
1516,Significant_Damage_And_Serious_Injuries
1523,Highly_Fatal_And_Damaging
1527,Highly_Fatal_And_Damaging
1560,Highly_Fatal_And_Damaging
1566,Significant_Damage_And_Serious_Injuries
1567,Highly_Fatal_And_Damaging
1568,Highly_Fatal_And_Damaging
1569,Significant_Damage_And_Fatalities
1570,Highly_Fatal_And_Damaging
1576,Significant_Damage_And_Serious_Injuries
1589,Highly_Fatal_And_Damaging
1592,Minor_Damage_And_Injuries
1598,Highly_Fatal_And_Damaging
1599,Minor_Damage_And_Injuries
1600,Significant_Damage_And_Serious_Injuries
1607,Significant_Damage_And_Serious_Injuries
1608,Minor_Damage_And_Injuries
1611,Highly_Fatal_And_Damaging
1613,Significant_Damage_And_Fatalities
1623,Minor_Damage_And_Injuries
1647,Significant_Damage_And_Fatalities
1649,Significant_Damage_And_Serious_Injuries
1658,Highly_Fatal_And_Damaging
1662,Highly_Fatal_And_Damaging
1668,Minor_Damage_And_Injuries
1676,Highly_Fatal_And_Damaging
1678,Minor_Damage_And_Injuries
1682,Minor_Damage_And_Injuries
1690,Significant_Damage_And_Serious_Injuries
1701,Highly_Fatal_And_Damaging
1710,Significant_Damage_And_Fatalities
1723,Significant_Damage_And_Fatalities
1725,Highly_Fatal_And_Damaging
1747,Highly_Fatal_And_Damaging
1748,Minor_Damage_And_Injuries
1754,Significant_Damage_And_Serious_Injuries
1756,Significant_Damage_And_Fatalities
1757,Highly_Fatal_And_Damaging
1770,Highly_Fatal_And_Damaging
1774,Significant_Damage_And_Serious_Injuries
1776,Significant_Damage_And_Fatalities
1789,Highly_Fatal_And_Damaging
1794,Significant_Damage_And_Serious_Injuries
1804,Significant_Damage_And_Fatalities
1806,Significant_Damage_And_Fatalities
1807,Significant_Damage_And_Fatalities
1811,Minor_Damage_And_Injuries
1814,Significant_Damage_And_Fatalities
1826,Highly_Fatal_And_Damaging
1832,Highly_Fatal_And_Damaging
1835,Significant_Damage_And_Fatalities
1839,Minor_Damage_And_Injuries
1840,Significant_Damage_And_Fatalities
1848,Highly_Fatal_And_Damaging
1849,Minor_Damage_And_Injuries
1850,Highly_Fatal_And_Damaging
1854,Highly_Fatal_And_Damaging
1861,Significant_Damage_And_Fatalities
1866,Significant_Damage_And_Fatalities
1868,Significant_Damage_And_Fatalities
1872,Significant_Damage_And_Fatalities
1875,Significant_Damage_And_Serious_Injuries
1877,Significant_Damage_And_Fatalities
1879,Minor_Damage_And_Injuries
1880,Highly_Fatal_And_Damaging
1892,Significant_Damage_And_Fatalities
1896,Highly_Fatal_And_Damaging
1898,Significant_Damage_And_Fatalities
1899,Highly_Fatal_And_Damaging
1903,Highly_Fatal_And_Damaging
1909,Significant_Damage_And_Fatalities
1912,Highly_Fatal_And_Damaging
1920,Significant_Damage_And_Fatalities
1933,Minor_Damage_And_Injuries
1940,Significant_Damage_And_Serious_Injuries
1941,Significant_Damage_And_Fatalities
1944,Significant_Damage_And_Serious_Injuries
1946,Significant_Damage_And_Fatalities
1950,Significant_Damage_And_Serious_Injuries
1955,Highly_Fatal_And_Damaging
1957,Significant_Damage_And_Serious_Injuries
1958,Minor_Damage_And_Injuries
1965,Minor_Damage_And_Injuries
1971,Significant_Damage_And_Fatalities
1974,Highly_Fatal_And_Damaging
1980,Significant_Damage_And_Fatalities
1984,Significant_Damage_And_Fatalities
1990,Highly_Fatal_And_Damaging
1991,Significant_Damage_And_Fatalities
1994,Significant_Damage_And_Fatalities
1997,Significant_Damage_And_Serious_Injuries
2006,Significant_Damage_And_Serious_Injuries
2008,Significant_Damage_And_Serious_Injuries
2013,Highly_Fatal_And_Damaging
2015,Significant_Damage_And_Serious_Injuries
2016,Minor_Damage_And_Injuries
2021,Significant_Damage_And_Fatalities
2023,Significant_Damage_And_Fatalities
2038,Significant_Damage_And_Fatalities
2040,Highly_Fatal_And_Damaging
2048,Minor_Damage_And_Injuries
2063,Significant_Damage_And_Serious_Injuries
2073,Minor_Damage_And_Injuries
2075,Highly_Fatal_And_Damaging
2081,Highly_Fatal_And_Damaging
2082,Highly_Fatal_And_Damaging
2086,Significant_Damage_And_Fatalities
2090,Significant_Damage_And_Fatalities
2091,Highly_Fatal_And_Damaging
2094,Highly_Fatal_And_Damaging
2096,Significant_Damage_And_Serious_Injuries
2097,Minor_Damage_And_Injuries
2101,Significant_Damage_And_Serious_Injuries
2103,Minor_Damage_And_Injuries
2106,Significant_Damage_And_Fatalities
2107,Minor_Damage_And_Injuries
2113,Highly_Fatal_And_Damaging
2122,Significant_Damage_And_Fatalities
2123,Significant_Damage_And_Fatalities
2132,Significant_Damage_And_Fatalities
2134,Significant_Damage_And_Serious_Injuries
2141,Significant_Damage_And_Serious_Injuries
2145,Significant_Damage_And_Fatalities
2147,Significant_Damage_And_Fatalities
2149,Highly_Fatal_And_Damaging
2155,Significant_Damage_And_Serious_Injuries
2161,Significant_Damage_And_Serious_Injuries
2177,Highly_Fatal_And_Damaging
2179,Significant_Damage_And_Fatalities
2182,Significant_Damage_And_Fatalities
2192,Significant_Damage_And_Serious_Injuries
2195,Significant_Damage_And_Fatalities
2196,Highly_Fatal_And_Damaging
2197,Highly_Fatal_And_Damaging
2199,Highly_Fatal_And_Damaging
2204,Highly_Fatal_And_Damaging
2206,Significant_Damage_And_Serious_Injuries
2212,Highly_Fatal_And_Damaging
2215,Highly_Fatal_And_Damaging
2217,Highly_Fatal_And_Damaging
2220,Minor_Damage_And_Injuries
2222,Highly_Fatal_And_Damaging
2227,Highly_Fatal_And_Damaging
2239,Significant_Damage_And_Serious_Injuries
2241,Significant_Damage_And_Fatalities
2246,Significant_Damage_And_Serious_Injuries
2254,Significant_Damage_And_Fatalities
2255,Highly_Fatal_And_Damaging
2259,Significant_Damage_And_Serious_Injuries
2263,Minor_Damage_And_Injuries
2264,Minor_Damage_And_Injuries
2269,Highly_Fatal_And_Damaging
2281,Significant_Damage_And_Serious_Injuries
2284,Minor_Damage_And_Injuries
2285,Significant_Damage_And_Fatalities
2292,Minor_Damage_And_Injuries
2293,Highly_Fatal_And_Damaging
2299,Minor_Damage_And_Injuries
2301,Highly_Fatal_And_Damaging
2302,Highly_Fatal_And_Damaging
2303,Significant_Damage_And_Serious_Injuries
2307,Highly_Fatal_And_Damaging
2315,Significant_Damage_And_Serious_Injuries
2316,Significant_Damage_And_Serious_Injuries
2317,Significant_Damage_And_Fatalities
2320,Highly_Fatal_And_Damaging
2322,Highly_Fatal_And_Damaging
2334,Highly_Fatal_And_Damaging
2336,Significant_Damage_And_Fatalities
2342,Significant_Damage_And_Serious_Injuries
2343,Significant_Damage_And_Serious_Injuries
2349,Highly_Fatal_And_Damaging
2354,Highly_Fatal_And_Damaging
2357,Significant_Damage_And_Fatalities
2364,Significant_Damage_And_Fatalities
2370,Highly_Fatal_And_Damaging
2379,Significant_Damage_And_Serious_Injuries
2389,Significant_Damage_And_Serious_Injuries
2400,Significant_Damage_And_Serious_Injuries
2402,Highly_Fatal_And_Damaging
2406,Highly_Fatal_And_Damaging
2427,Highly_Fatal_And_Damaging
2429,Significant_Damage_And_Serious_Injuries
2435,Highly_Fatal_And_Damaging
2438,Highly_Fatal_And_Damaging
2439,Significant_Damage_And_Serious_Injuries
2449,Significant_Damage_And_Serious_Injuries
2454,Significant_Damage_And_Serious_Injuries
2455,Significant_Damage_And_Fatalities
2462,Significant_Damage_And_Serious_Injuries
2471,Significant_Damage_And_Fatalities
2472,Highly_Fatal_And_Damaging
2475,Highly_Fatal_And_Damaging
2476,Significant_Damage_And_Fatalities
2483,Significant_Damage_And_Fatalities
2485,Highly_Fatal_And_Damaging
2488,Highly_Fatal_And_Damaging
2492,Highly_Fatal_And_Damaging
2494,Significant_Damage_And_Fatalities
2504,Significant_Damage_And_Serious_Injuries
2510,Significant_Damage_And_Fatalities
2516,Highly_Fatal_And_Damaging
2517,Minor_Damage_And_Injuries
2519,Minor_Damage_And_Injuries
2527,Highly_Fatal_And_Damaging
2529,Highly_Fatal_And_Damaging
2540,Significant_Damage_And_Fatalities
2546,Significant_Damage_And_Fatalities
2553,Minor_Damage_And_Injuries
2554,Significant_Damage_And_Fatalities
2558,Significant_Damage_And_Fatalities
2572,Highly_Fatal_And_Damaging
2585,Significant_Damage_And_Serious_Injuries
2587,Minor_Damage_And_Injuries
2597,Significant_Damage_And_Fatalities
2599,Significant_Damage_And_Serious_Injuries
2600,Significant_Damage_And_Fatalities
2601,Significant_Damage_And_Fatalities
2608,Significant_Damage_And_Serious_Injuries
2613,Significant_Damage_And_Fatalities
2616,Significant_Damage_And_Fatalities
2619,Significant_Damage_And_Serious_Injuries
2620,Significant_Damage_And_Serious_Injuries
2621,Significant_Damage_And_Serious_Injuries
2622,Significant_Damage_And_Serious_Injuries
2623,Highly_Fatal_And_Damaging
2634,Significant_Damage_And_Fatalities
2636,Highly_Fatal_And_Damaging
2640,Highly_Fatal_And_Damaging
2643,Highly_Fatal_And_Damaging
2646,Significant_Damage_And_Serious_Injuries
2651,Highly_Fatal_And_Damaging
2653,Minor_Damage_And_Injuries
2654,Significant_Damage_And_Fatalities
2657,Significant_Damage_And_Fatalities
2658,Significant_Damage_And_Fatalities
2664,Highly_Fatal_And_Damaging
2667,Significant_Damage_And_Serious_Injuries
2668,Minor_Damage_And_Injuries
2680,Minor_Damage_And_Injuries
2682,Significant_Damage_And_Fatalities
2692,Minor_Damage_And_Injuries
2693,Highly_Fatal_And_Damaging
2695,Highly_Fatal_And_Damaging
2697,Highly_Fatal_And_Damaging
2698,Highly_Fatal_And_Damaging
2703,Highly_Fatal_And_Damaging
2718,Minor_Damage_And_Injuries
2728,Minor_Damage_And_Injuries
2729,Minor_Damage_And_Injuries
2736,Significant_Damage_And_Serious_Injuries
2737,Significant_Damage_And_Fatalities
2738,Minor_Damage_And_Injuries
2739,Significant_Damage_And_Serious_Injuries
2746,Minor_Damage_And_Injuries
2750,Significant_Damage_And_Serious_Injuries
2755,Significant_Damage_And_Fatalities
2764,Minor_Damage_And_Injuries
2767,Significant_Damage_And_Fatalities
2769,Significant_Damage_And_Fatalities
2772,Significant_Damage_And_Serious_Injuries
2777,Highly_Fatal_And_Damaging
2778,Minor_Damage_And_Injuries
2779,Highly_Fatal_And_Damaging
2780,Significant_Damage_And_Fatalities
2785,Significant_Damage_And_Serious_Injuries
2793,Significant_Damage_And_Serious_Injuries
2801,Significant_Damage_And_Fatalities
2814,Significant_Damage_And_Serious_Injuries
2821,Highly_Fatal_And_Damaging
2828,Highly_Fatal_And_Damaging
2834,Significant_Damage_And_Fatalities
2844,Highly_Fatal_And_Damaging
2848,Significant_Damage_And_Serious_Injuries
2850,Highly_Fatal_And_Damaging
2852,Highly_Fatal_And_Damaging
2860,Significant_Damage_And_Fatalities
2861,Minor_Damage_And_Injuries
2864,Highly_Fatal_And_Damaging
2868,Highly_Fatal_And_Damaging
2886,Highly_Fatal_And_Damaging
2887,Highly_Fatal_And_Damaging
2890,Significant_Damage_And_Fatalities
2892,Highly_Fatal_And_Damaging
2907,Significant_Damage_And_Serious_Injuries
2908,Minor_Damage_And_Injuries
2909,Minor_Damage_And_Injuries
2914,Significant_Damage_And_Fatalities
2917,Minor_Damage_And_Injuries
2923,Highly_Fatal_And_Damaging
2924,Significant_Damage_And_Fatalities
2934,Minor_Damage_And_Injuries
2937,Significant_Damage_And_Serious_Injuries
2945,Significant_Damage_And_Fatalities
2948,Highly_Fatal_And_Damaging
2950,Significant_Damage_And_Serious_Injuries
2953,Significant_Damage_And_Serious_Injuries
2955,Significant_Damage_And_Serious_Injuries
2959,Highly_Fatal_And_Damaging
2971,Significant_Damage_And_Serious_Injuries
2974,Significant_Damage_And_Serious_Injuries
2987,Highly_Fatal_And_Damaging
2994,Minor_Damage_And_Injuries
2995,Significant_Damage_And_Serious_Injuries
3003,Significant_Damage_And_Fatalities
3013,Highly_Fatal_And_Damaging
3014,Significant_Damage_And_Fatalities
3015,Highly_Fatal_And_Damaging
3028,Highly_Fatal_And_Damaging
3041,Significant_Damage_And_Fatalities
3053,Highly_Fatal_And_Damaging
3057,Highly_Fatal_And_Damaging
3059,Significant_Damage_And_Fatalities
3060,Minor_Damage_And_Injuries
3069,Highly_Fatal_And_Damaging
3071,Significant_Damage_And_Fatalities
3072,Minor_Damage_And_Injuries
3082,Significant_Damage_And_Fatalities
3084,Highly_Fatal_And_Damaging
3086,Minor_Damage_And_Injuries
3098,Significant_Damage_And_Serious_Injuries
3100,Significant_Damage_And_Serious_Injuries
3102,Highly_Fatal_And_Damaging
3110,Significant_Damage_And_Fatalities
3111,Highly_Fatal_And_Damaging
3118,Significant_Damage_And_Fatalities
3119,Significant_Damage_And_Fatalities
3125,Highly_Fatal_And_Damaging
3133,Significant_Damage_And_Fatalities
3136,Significant_Damage_And_Serious_Injuries
3141,Minor_Damage_And_Injuries
3149,Significant_Damage_And_Fatalities
3150,Significant_Damage_And_Fatalities
3155,Significant_Damage_And_Fatalities
3156,Significant_Damage_And_Fatalities
3160,Highly_Fatal_And_Damaging
3163,Minor_Damage_And_Injuries
3175,Highly_Fatal_And_Damaging
3180,Highly_Fatal_And_Damaging
3188,Significant_Damage_And_Fatalities
3192,Highly_Fatal_And_Damaging
3193,Significant_Damage_And_Fatalities
3197,Significant_Damage_And_Fatalities
3201,Significant_Damage_And_Fatalities
3204,Highly_Fatal_And_Damaging
3206,Significant_Damage_And_Serious_Injuries
3210,Significant_Damage_And_Fatalities
3212,Minor_Damage_And_Injuries
3216,Highly_Fatal_And_Damaging
3239,Minor_Damage_And_Injuries
3240,Significant_Damage_And_Fatalities
3246,Highly_Fatal_And_Damaging
3247,Significant_Damage_And_Serious_Injuries
3252,Significant_Damage_And_Fatalities
3259,Significant_Damage_And_Serious_Injuries
3262,Minor_Damage_And_Injuries
3264,Significant_Damage_And_Serious_Injuries
3275,Minor_Damage_And_Injuries
3280,Significant_Damage_And_Fatalities
3282,Significant_Damage_And_Serious_Injuries
3289,Significant_Damage_And_Serious_Injuries
3294,Significant_Damage_And_Serious_Injuries
3297,Significant_Damage_And_Fatalities
3299,Minor_Damage_And_Injuries
3302,Significant_Damage_And_Fatalities
3308,Highly_Fatal_And_Damaging
3311,Minor_Damage_And_Injuries
3315,Minor_Damage_And_Injuries
3317,Significant_Damage_And_Fatalities
3319,Highly_Fatal_And_Damaging
3326,Minor_Damage_And_Injuries
3330,Highly_Fatal_And_Damaging
3331,Highly_Fatal_And_Damaging
3333,Significant_Damage_And_Fatalities
3337,Highly_Fatal_And_Damaging
3344,Significant_Damage_And_Fatalities
3359,Highly_Fatal_And_Damaging
3369,Highly_Fatal_And_Damaging
3372,Minor_Damage_And_Injuries
3373,Significant_Damage_And_Fatalities
3374,Significant_Damage_And_Fatalities
3384,Minor_Damage_And_Injuries
3385,Significant_Damage_And_Serious_Injuries
3395,Significant_Damage_And_Fatalities
3399,Significant_Damage_And_Serious_Injuries
3401,Minor_Damage_And_Injuries
3406,Minor_Damage_And_Injuries
3410,Minor_Damage_And_Injuries
3420,Minor_Damage_And_Injuries
3422,Significant_Damage_And_Serious_Injuries
3428,Minor_Damage_And_Injuries
3431,Minor_Damage_And_Injuries
3434,Highly_Fatal_And_Damaging
3436,Significant_Damage_And_Fatalities
3440,Highly_Fatal_And_Damaging
3443,Highly_Fatal_And_Damaging
3451,Significant_Damage_And_Fatalities
3454,Significant_Damage_And_Serious_Injuries
3455,Minor_Damage_And_Injuries
3456,Significant_Damage_And_Serious_Injuries
3462,Minor_Damage_And_Injuries
3463,Significant_Damage_And_Fatalities
3464,Minor_Damage_And_Injuries
3470,Significant_Damage_And_Fatalities
3477,Highly_Fatal_And_Damaging
3485,Highly_Fatal_And_Damaging
3486,Highly_Fatal_And_Damaging
3489,Minor_Damage_And_Injuries
3490,Minor_Damage_And_Injuries
3501,Significant_Damage_And_Fatalities
3503,Significant_Damage_And_Fatalities
3510,Significant_Damage_And_Fatalities
3517,Highly_Fatal_And_Damaging
3518,Highly_Fatal_And_Damaging
3525,Highly_Fatal_And_Damaging
3526,Minor_Damage_And_Injuries
3530,Significant_Damage_And_Fatalities
3532,Significant_Damage_And_Fatalities
3546,Significant_Damage_And_Fatalities
3548,Highly_Fatal_And_Damaging
3568,Significant_Damage_And_Serious_Injuries
3571,Highly_Fatal_And_Damaging
3573,Significant_Damage_And_Fatalities
3577,Minor_Damage_And_Injuries
3587,Minor_Damage_And_Injuries
3596,Significant_Damage_And_Fatalities
3604,Significant_Damage_And_Fatalities
3606,Significant_Damage_And_Fatalities
3613,Minor_Damage_And_Injuries
3620,Significant_Damage_And_Fatalities
3632,Significant_Damage_And_Fatalities
3638,Highly_Fatal_And_Damaging
3640,Highly_Fatal_And_Damaging
3643,Highly_Fatal_And_Damaging
3644,Significant_Damage_And_Fatalities
3645,Highly_Fatal_And_Damaging
3648,Highly_Fatal_And_Damaging
3657,Minor_Damage_And_Injuries
3665,Significant_Damage_And_Serious_Injuries
3670,Highly_Fatal_And_Damaging
3674,Significant_Damage_And_Fatalities
3686,Highly_Fatal_And_Damaging
3687,Highly_Fatal_And_Damaging
3692,Minor_Damage_And_Injuries
3694,Minor_Damage_And_Injuries
3698,Significant_Damage_And_Fatalities
3701,Minor_Damage_And_Injuries
3725,Highly_Fatal_And_Damaging
3728,Significant_Damage_And_Serious_Injuries
3729,Significant_Damage_And_Fatalities
3733,Significant_Damage_And_Fatalities
3743,Significant_Damage_And_Serious_Injuries
3746,Significant_Damage_And_Fatalities
3747,Significant_Damage_And_Serious_Injuries
3748,Highly_Fatal_And_Damaging
3749,Highly_Fatal_And_Damaging
3752,Highly_Fatal_And_Damaging
3760,Highly_Fatal_And_Damaging
3761,Highly_Fatal_And_Damaging
3762,Minor_Damage_And_Injuries
3765,Significant_Damage_And_Serious_Injuries
3767,Minor_Damage_And_Injuries
3775,Minor_Damage_And_Injuries
3780,Highly_Fatal_And_Damaging
3790,Minor_Damage_And_Injuries
3794,Significant_Damage_And_Serious_Injuries
3795,Significant_Damage_And_Fatalities
3806,Highly_Fatal_And_Damaging
3807,Significant_Damage_And_Serious_Injuries
3809,Minor_Damage_And_Injuries
3810,Significant_Damage_And_Fatalities
3811,Highly_Fatal_And_Damaging
3812,Significant_Damage_And_Serious_Injuries
3818,Significant_Damage_And_Serious_Injuries
3820,Highly_Fatal_And_Damaging
3821,Highly_Fatal_And_Damaging
3827,Significant_Damage_And_Serious_Injuries
3835,Significant_Damage_And_Serious_Injuries
3836,Significant_Damage_And_Serious_Injuries
3839,Highly_Fatal_And_Damaging
3841,Significant_Damage_And_Fatalities
3842,Minor_Damage_And_Injuries
3845,Minor_Damage_And_Injuries
3854,Significant_Damage_And_Serious_Injuries
3855,Highly_Fatal_And_Damaging
3856,Highly_Fatal_And_Damaging
3863,Minor_Damage_And_Injuries
3865,Highly_Fatal_And_Damaging
3878,Highly_Fatal_And_Damaging
3887,Significant_Damage_And_Fatalities
3888,Significant_Damage_And_Fatalities
3889,Significant_Damage_And_Serious_Injuries
3892,Highly_Fatal_And_Damaging
3897,Significant_Damage_And_Serious_Injuries
3911,Significant_Damage_And_Serious_Injuries
3912,Significant_Damage_And_Fatalities
3914,Significant_Damage_And_Serious_Injuries
3928,Significant_Damage_And_Fatalities
3929,Minor_Damage_And_Injuries
3933,Significant_Damage_And_Fatalities
3941,Minor_Damage_And_Injuries
3943,Significant_Damage_And_Fatalities
3954,Significant_Damage_And_Serious_Injuries
3960,Significant_Damage_And_Fatalities
3962,Minor_Damage_And_Injuries
3965,Highly_Fatal_And_Damaging
3967,Significant_Damage_And_Serious_Injuries
3968,Minor_Damage_And_Injuries
3980,Highly_Fatal_And_Damaging
3987,Significant_Damage_And_Fatalities
3989,Highly_Fatal_And_Damaging
3990,Significant_Damage_And_Serious_Injuries
3997,Highly_Fatal_And_Damaging
4000,Significant_Damage_And_Serious_Injuries
4002,Highly_Fatal_And_Damaging
4006,Highly_Fatal_And_Damaging
4007,Highly_Fatal_And_Damaging
4019,Significant_Damage_And_Fatalities
4024,Highly_Fatal_And_Damaging
4026,Minor_Damage_And_Injuries
4027,Minor_Damage_And_Injuries
4032,Significant_Damage_And_Serious_Injuries
4039,Significant_Damage_And_Serious_Injuries
4040,Minor_Damage_And_Injuries
4047,Highly_Fatal_And_Damaging
4048,Significant_Damage_And_Serious_Injuries
4049,Significant_Damage_And_Serious_Injuries
4050,Significant_Damage_And_Fatalities
4061,Significant_Damage_And_Serious_Injuries
4062,Minor_Damage_And_Injuries
4063,Minor_Damage_And_Injuries
4070,Highly_Fatal_And_Damaging
4090,Minor_Damage_And_Injuries
4094,Minor_Damage_And_Injuries
4098,Highly_Fatal_And_Damaging
4099,Significant_Damage_And_Serious_Injuries
4100,Significant_Damage_And_Fatalities
4108,Highly_Fatal_And_Damaging
4120,Minor_Damage_And_Injuries
4129,Significant_Damage_And_Fatalities
4133,Significant_Damage_And_Serious_Injuries
4134,Highly_Fatal_And_Damaging
4136,Minor_Damage_And_Injuries
4139,Highly_Fatal_And_Damaging
4148,Significant_Damage_And_Serious_Injuries
4152,Significant_Damage_And_Fatalities
4153,Highly_Fatal_And_Damaging
4157,Minor_Damage_And_Injuries
4162,Minor_Damage_And_Injuries
4169,Significant_Damage_And_Fatalities
4176,Highly_Fatal_And_Damaging
4181,Highly_Fatal_And_Damaging
4189,Significant_Damage_And_Fatalities
4192,Significant_Damage_And_Fatalities
4198,Highly_Fatal_And_Damaging
4207,Minor_Damage_And_Injuries
4208,Minor_Damage_And_Injuries
4211,Highly_Fatal_And_Damaging
4218,Minor_Damage_And_Injuries
4223,Highly_Fatal_And_Damaging
4232,Highly_Fatal_And_Damaging
4234,Significant_Damage_And_Fatalities
4246,Highly_Fatal_And_Damaging
4253,Minor_Damage_And_Injuries
4254,Highly_Fatal_And_Damaging
4255,Minor_Damage_And_Injuries
4260,Significant_Damage_And_Fatalities
4267,Significant_Damage_And_Fatalities
4274,Highly_Fatal_And_Damaging
4275,Minor_Damage_And_Injuries
4278,Significant_Damage_And_Serious_Injuries
4281,Significant_Damage_And_Serious_Injuries
4293,Significant_Damage_And_Serious_Injuries
4294,Highly_Fatal_And_Damaging
4300,Significant_Damage_And_Fatalities
4307,Significant_Damage_And_Fatalities
4310,Highly_Fatal_And_Damaging
4311,Highly_Fatal_And_Damaging
4315,Significant_Damage_And_Fatalities
4330,Significant_Damage_And_Serious_Injuries
4333,Significant_Damage_And_Serious_Injuries
4340,Highly_Fatal_And_Damaging
4352,Significant_Damage_And_Fatalities
4360,Significant_Damage_And_Serious_Injuries
4365,Highly_Fatal_And_Damaging
4367,Minor_Damage_And_Injuries
4376,Highly_Fatal_And_Damaging
4378,Minor_Damage_And_Injuries
4385,Significant_Damage_And_Serious_Injuries
4405,Highly_Fatal_And_Damaging
4413,Highly_Fatal_And_Damaging
4414,Significant_Damage_And_Fatalities
4426,Minor_Damage_And_Injuries
4430,Significant_Damage_And_Fatalities
4431,Highly_Fatal_And_Damaging
4438,Significant_Damage_And_Fatalities
4439,Minor_Damage_And_Injuries
4441,Minor_Damage_And_Injuries
4443,Significant_Damage_And_Serious_Injuries
4449,Significant_Damage_And_Serious_Injuries
4453,Significant_Damage_And_Fatalities
4456,Highly_Fatal_And_Damaging
4457,Minor_Damage_And_Injuries
4459,Highly_Fatal_And_Damaging
4461,Significant_Damage_And_Fatalities
4464,Significant_Damage_And_Serious_Injuries
4468,Significant_Damage_And_Serious_Injuries
4476,Significant_Damage_And_Serious_Injuries
4480,Significant_Damage_And_Fatalities
4482,Highly_Fatal_And_Damaging
4491,Significant_Damage_And_Fatalities
4493,Significant_Damage_And_Fatalities
4494,Highly_Fatal_And_Damaging
4495,Significant_Damage_And_Fatalities
4496,Highly_Fatal_And_Damaging
4503,Significant_Damage_And_Serious_Injuries
4505,Highly_Fatal_And_Damaging
4506,Highly_Fatal_And_Damaging
4512,Significant_Damage_And_Fatalities
4516,Highly_Fatal_And_Damaging
4518,Highly_Fatal_And_Damaging
4521,Significant_Damage_And_Fatalities
4522,Minor_Damage_And_Injuries
4529,Highly_Fatal_And_Damaging
4530,Minor_Damage_And_Injuries
4536,Significant_Damage_And_Fatalities
4539,Minor_Damage_And_Injuries
4543,Highly_Fatal_And_Damaging
4546,Minor_Damage_And_Injuries
4547,Significant_Damage_And_Fatalities
4550,Minor_Damage_And_Injuries
4564,Highly_Fatal_And_Damaging
4571,Significant_Damage_And_Serious_Injuries
4583,Significant_Damage_And_Fatalities
4592,Highly_Fatal_And_Damaging
4594,Significant_Damage_And_Fatalities
4597,Significant_Damage_And_Fatalities
4598,Minor_Damage_And_Injuries
4614,Highly_Fatal_And_Damaging
4617,Highly_Fatal_And_Damaging
4621,Significant_Damage_And_Fatalities
4630,Minor_Damage_And_Injuries
4634,Significant_Damage_And_Fatalities
4638,Highly_Fatal_And_Damaging
4639,Minor_Damage_And_Injuries
4645,Highly_Fatal_And_Damaging
4650,Significant_Damage_And_Fatalities
4651,Significant_Damage_And_Serious_Injuries
4654,Highly_Fatal_And_Damaging
4656,Significant_Damage_And_Fatalities
4660,Significant_Damage_And_Fatalities
4665,Minor_Damage_And_Injuries
4670,Highly_Fatal_And_Damaging
4671,Highly_Fatal_And_Damaging
4679,Highly_Fatal_And_Damaging
4682,Significant_Damage_And_Fatalities
4684,Minor_Damage_And_Injuries
4688,Significant_Damage_And_Fatalities
4693,Highly_Fatal_And_Damaging
4712,Highly_Fatal_And_Damaging
4714,Highly_Fatal_And_Damaging
4721,Highly_Fatal_And_Damaging
4722,Highly_Fatal_And_Damaging
4724,Highly_Fatal_And_Damaging
4726,Significant_Damage_And_Serious_Injuries
4728,Significant_Damage_And_Fatalities
4730,Minor_Damage_And_Injuries
4735,Highly_Fatal_And_Damaging
4741,Significant_Damage_And_Fatalities
4742,Significant_Damage_And_Fatalities
4744,Minor_Damage_And_Injuries
4746,Significant_Damage_And_Serious_Injuries
4757,Significant_Damage_And_Serious_Injuries
4761,Highly_Fatal_And_Damaging
4770,Highly_Fatal_And_Damaging
4772,Significant_Damage_And_Fatalities
4773,Highly_Fatal_And_Damaging
4780,Highly_Fatal_And_Damaging
4783,Highly_Fatal_And_Damaging
4785,Highly_Fatal_And_Damaging
4786,Highly_Fatal_And_Damaging
4787,Significant_Damage_And_Serious_Injuries
4793,Highly_Fatal_And_Damaging
4794,Highly_Fatal_And_Damaging
4808,Minor_Damage_And_Injuries
4811,Significant_Damage_And_Fatalities
4831,Highly_Fatal_And_Damaging
4832,Highly_Fatal_And_Damaging
4836,Highly_Fatal_And_Damaging
4839,Significant_Damage_And_Serious_Injuries
4842,Significant_Damage_And_Fatalities
4846,Minor_Damage_And_Injuries
4855,Significant_Damage_And_Fatalities
4856,Significant_Damage_And_Fatalities
4859,Minor_Damage_And_Injuries
4862,Significant_Damage_And_Serious_Injuries
4869,Highly_Fatal_And_Damaging
4877,Minor_Damage_And_Injuries
4878,Highly_Fatal_And_Damaging
4887,Significant_Damage_And_Fatalities
4892,Significant_Damage_And_Fatalities
4913,Significant_Damage_And_Serious_Injuries
4914,Highly_Fatal_And_Damaging
4926,Significant_Damage_And_Serious_Injuries
4940,Highly_Fatal_And_Damaging
4944,Significant_Damage_And_Fatalities
4959,Significant_Damage_And_Fatalities
4966,Significant_Damage_And_Serious_Injuries
4972,Highly_Fatal_And_Damaging
4978,Highly_Fatal_And_Damaging
4981,Significant_Damage_And_Serious_Injuries
4985,Significant_Damage_And_Serious_Injuries
4992,Significant_Damage_And_Fatalities
4998,Significant_Damage_And_Fatalities
5000,Highly_Fatal_And_Damaging
5001,Minor_Damage_And_Injuries
5004,Minor_Damage_And_Injuries
5005,Significant_Damage_And_Serious_Injuries
5016,Significant_Damage_And_Fatalities
5020,Significant_Damage_And_Fatalities
5021,Minor_Damage_And_Injuries
5041,Minor_Damage_And_Injuries
5045,Significant_Damage_And_Fatalities
5052,Minor_Damage_And_Injuries
5063,Significant_Damage_And_Fatalities
5072,Highly_Fatal_And_Damaging
5074,Highly_Fatal_And_Damaging
5080,Highly_Fatal_And_Damaging
5087,Significant_Damage_And_Fatalities
5094,Highly_Fatal_And_Damaging
5099,Highly_Fatal_And_Damaging
5100,Minor_Damage_And_Injuries
5109,Minor_Damage_And_Injuries
5111,Significant_Damage_And_Fatalities
5115,Highly_Fatal_And_Damaging
5117,Highly_Fatal_And_Damaging
5119,Highly_Fatal_And_Damaging
5125,Highly_Fatal_And_Damaging
5126,Significant_Damage_And_Fatalities
5127,Significant_Damage_And_Fatalities
5142,Significant_Damage_And_Fatalities
5149,Highly_Fatal_And_Damaging
5160,Significant_Damage_And_Serious_Injuries
5163,Significant_Damage_And_Fatalities
5170,Highly_Fatal_And_Damaging
5175,Minor_Damage_And_Injuries
5184,Highly_Fatal_And_Damaging
5187,Highly_Fatal_And_Damaging
5189,Minor_Damage_And_Injuries
5200,Highly_Fatal_And_Damaging
5202,Significant_Damage_And_Fatalities
5203,Significant_Damage_And_Fatalities
5206,Significant_Damage_And_Fatalities
5218,Significant_Damage_And_Fatalities
5224,Significant_Damage_And_Fatalities
5226,Highly_Fatal_And_Damaging
5230,Minor_Damage_And_Injuries
5231,Minor_Damage_And_Injuries
5232,Significant_Damage_And_Fatalities
5234,Minor_Damage_And_Injuries
5239,Significant_Damage_And_Fatalities
5244,Significant_Damage_And_Serious_Injuries
5245,Minor_Damage_And_Injuries
5246,Highly_Fatal_And_Damaging
5253,Significant_Damage_And_Fatalities
5262,Minor_Damage_And_Injuries
5268,Highly_Fatal_And_Damaging
5271,Minor_Damage_And_Injuries
5275,Minor_Damage_And_Injuries
5277,Significant_Damage_And_Serious_Injuries
5278,Minor_Damage_And_Injuries
5283,Significant_Damage_And_Fatalities
5284,Highly_Fatal_And_Damaging
5285,Highly_Fatal_And_Damaging
5288,Significant_Damage_And_Serious_Injuries
5329,Minor_Damage_And_Injuries
5336,Highly_Fatal_And_Damaging
5339,Minor_Damage_And_Injuries
5340,Significant_Damage_And_Fatalities
5342,Significant_Damage_And_Fatalities
5350,Significant_Damage_And_Fatalities
5359,Minor_Damage_And_Injuries
5376,Significant_Damage_And_Serious_Injuries
5387,Significant_Damage_And_Serious_Injuries
5399,Significant_Damage_And_Fatalities
5401,Highly_Fatal_And_Damaging
5423,Significant_Damage_And_Serious_Injuries
5425,Highly_Fatal_And_Damaging
5433,Minor_Damage_And_Injuries
5445,Highly_Fatal_And_Damaging
5451,Significant_Damage_And_Serious_Injuries
5452,Significant_Damage_And_Serious_Injuries
5461,Highly_Fatal_And_Damaging
5464,Minor_Damage_And_Injuries
5465,Significant_Damage_And_Serious_Injuries
5466,Significant_Damage_And_Serious_Injuries
5471,Significant_Damage_And_Serious_Injuries
5481,Highly_Fatal_And_Damaging
5482,Significant_Damage_And_Fatalities
5485,Highly_Fatal_And_Damaging
5489,Highly_Fatal_And_Damaging
5497,Highly_Fatal_And_Damaging
5505,Highly_Fatal_And_Damaging
5508,Highly_Fatal_And_Damaging
5510,Significant_Damage_And_Serious_Injuries
5519,Highly_Fatal_And_Damaging
5531,Highly_Fatal_And_Damaging
5536,Significant_Damage_And_Fatalities
5537,Significant_Damage_And_Fatalities
5538,Significant_Damage_And_Fatalities
5547,Highly_Fatal_And_Damaging
5554,Minor_Damage_And_Injuries
5561,Significant_Damage_And_Serious_Injuries
5563,Significant_Damage_And_Serious_Injuries
5568,Highly_Fatal_And_Damaging
5573,Minor_Damage_And_Injuries
5579,Highly_Fatal_And_Damaging
5583,Significant_Damage_And_Fatalities
5584,Highly_Fatal_And_Damaging
5586,Highly_Fatal_And_Damaging
5589,Significant_Damage_And_Fatalities
5595,Minor_Damage_And_Injuries
5601,Significant_Damage_And_Serious_Injuries
5603,Significant_Damage_And_Serious_Injuries
5610,Significant_Damage_And_Fatalities
5618,Significant_Damage_And_Fatalities
5622,Minor_Damage_And_Injuries
5623,Significant_Damage_And_Serious_Injuries
5625,Minor_Damage_And_Injuries
5630,Highly_Fatal_And_Damaging
5637,Significant_Damage_And_Serious_Injuries
5640,Significant_Damage_And_Fatalities
5642,Minor_Damage_And_Injuries
5643,Highly_Fatal_And_Damaging
5648,Significant_Damage_And_Serious_Injuries
5653,Significant_Damage_And_Fatalities
5656,Highly_Fatal_And_Damaging
5666,Significant_Damage_And_Serious_Injuries
5676,Highly_Fatal_And_Damaging
5680,Significant_Damage_And_Serious_Injuries
5690,Significant_Damage_And_Fatalities
5700,Significant_Damage_And_Fatalities
5702,Highly_Fatal_And_Damaging
5708,Significant_Damage_And_Fatalities
5709,Significant_Damage_And_Fatalities
5714,Minor_Damage_And_Injuries
5723,Highly_Fatal_And_Damaging
5729,Significant_Damage_And_Fatalities
5736,Significant_Damage_And_Serious_Injuries
5744,Significant_Damage_And_Fatalities
5750,Significant_Damage_And_Fatalities
5751,Significant_Damage_And_Fatalities
5752,Significant_Damage_And_Serious_Injuries
5753,Significant_Damage_And_Fatalities
5757,Highly_Fatal_And_Damaging
5760,Significant_Damage_And_Serious_Injuries
5768,Significant_Damage_And_Fatalities
5772,Significant_Damage_And_Fatalities
5788,Significant_Damage_And_Serious_Injuries
5795,Highly_Fatal_And_Damaging
5800,Significant_Damage_And_Fatalities
5806,Significant_Damage_And_Fatalities
5809,Significant_Damage_And_Fatalities
5810,Highly_Fatal_And_Damaging
5819,Highly_Fatal_And_Damaging
5822,Significant_Damage_And_Serious_Injuries
5826,Minor_Damage_And_Injuries
5829,Minor_Damage_And_Injuries
5831,Significant_Damage_And_Serious_Injuries
5833,Highly_Fatal_And_Damaging
5837,Highly_Fatal_And_Damaging
5840,Significant_Damage_And_Fatalities
5848,Significant_Damage_And_Fatalities
5852,Significant_Damage_And_Fatalities
5868,Highly_Fatal_And_Damaging
5874,Highly_Fatal_And_Damaging
5876,Significant_Damage_And_Serious_Injuries
5883,Highly_Fatal_And_Damaging
5888,Highly_Fatal_And_Damaging
5889,Highly_Fatal_And_Damaging
5898,Minor_Damage_And_Injuries
5899,Highly_Fatal_And_Damaging
5903,Highly_Fatal_And_Damaging
5906,Significant_Damage_And_Fatalities
5907,Significant_Damage_And_Fatalities
5914,Highly_Fatal_And_Damaging
5919,Highly_Fatal_And_Damaging
5928,Significant_Damage_And_Serious_Injuries
5930,Minor_Damage_And_Injuries
5936,Minor_Damage_And_Injuries
5948,Significant_Damage_And_Serious_Injuries
5950,Highly_Fatal_And_Damaging
5951,Significant_Damage_And_Serious_Injuries
5954,Significant_Damage_And_Serious_Injuries
5958,Highly_Fatal_And_Damaging
5964,Highly_Fatal_And_Damaging
5972,Highly_Fatal_And_Damaging
5979,Minor_Damage_And_Injuries
5983,Significant_Damage_And_Fatalities
5984,Highly_Fatal_And_Damaging
5993,Highly_Fatal_And_Damaging
5997,Highly_Fatal_And_Damaging
6006,Highly_Fatal_And_Damaging
6014,Significant_Damage_And_Serious_Injuries
6018,Significant_Damage_And_Serious_Injuries
6019,Significant_Damage_And_Fatalities
6020,Minor_Damage_And_Injuries
6023,Significant_Damage_And_Serious_Injuries
6026,Significant_Damage_And_Fatalities
6030,Highly_Fatal_And_Damaging
6036,Highly_Fatal_And_Damaging
6041,Minor_Damage_And_Injuries
6042,Highly_Fatal_And_Damaging
6044,Significant_Damage_And_Serious_Injuries
6053,Highly_Fatal_And_Damaging
6055,Significant_Damage_And_Serious_Injuries
6056,Significant_Damage_And_Serious_Injuries
6063,Minor_Damage_And_Injuries
6064,Significant_Damage_And_Fatalities
6072,Significant_Damage_And_Serious_Injuries
6074,Highly_Fatal_And_Damaging
6075,Highly_Fatal_And_Damaging
6078,Highly_Fatal_And_Damaging
6080,Significant_Damage_And_Serious_Injuries
6081,Significant_Damage_And_Serious_Injuries
6082,Minor_Damage_And_Injuries
6085,Highly_Fatal_And_Damaging
6095,Significant_Damage_And_Serious_Injuries
6098,Minor_Damage_And_Injuries
6104,Significant_Damage_And_Fatalities
6113,Significant_Damage_And_Fatalities
6114,Significant_Damage_And_Fatalities
6120,Highly_Fatal_And_Damaging
6121,Minor_Damage_And_Injuries
6122,Minor_Damage_And_Injuries
6125,Highly_Fatal_And_Damaging
6137,Highly_Fatal_And_Damaging
6139,Highly_Fatal_And_Damaging
6147,Significant_Damage_And_Serious_Injuries
6150,Significant_Damage_And_Fatalities
6157,Significant_Damage_And_Serious_Injuries
6162,Minor_Damage_And_Injuries
6167,Highly_Fatal_And_Damaging
6170,Significant_Damage_And_Serious_Injuries
6178,Minor_Damage_And_Injuries
6185,Minor_Damage_And_Injuries
6187,Minor_Damage_And_Injuries
6188,Significant_Damage_And_Serious_Injuries
6189,Significant_Damage_And_Serious_Injuries
6190,Highly_Fatal_And_Damaging
6204,Highly_Fatal_And_Damaging
6206,Highly_Fatal_And_Damaging
6208,Significant_Damage_And_Fatalities
6212,Highly_Fatal_And_Damaging
6215,Minor_Damage_And_Injuries
6221,Significant_Damage_And_Fatalities
6234,Significant_Damage_And_Serious_Injuries
6240,Highly_Fatal_And_Damaging
6241,Highly_Fatal_And_Damaging
6242,Significant_Damage_And_Fatalities
6247,Highly_Fatal_And_Damaging
6250,Significant_Damage_And_Serious_Injuries
6255,Significant_Damage_And_Serious_Injuries
6257,Highly_Fatal_And_Damaging
6259,Minor_Damage_And_Injuries
6260,Significant_Damage_And_Fatalities
6261,Highly_Fatal_And_Damaging
6264,Significant_Damage_And_Serious_Injuries
6266,Highly_Fatal_And_Damaging
6274,Significant_Damage_And_Fatalities
6277,Minor_Damage_And_Injuries
6287,Highly_Fatal_And_Damaging
6290,Highly_Fatal_And_Damaging
6296,Significant_Damage_And_Fatalities
6301,Highly_Fatal_And_Damaging
6302,Minor_Damage_And_Injuries
6312,Highly_Fatal_And_Damaging
6318,Significant_Damage_And_Fatalities
6327,Minor_Damage_And_Injuries
6328,Highly_Fatal_And_Damaging
6333,Minor_Damage_And_Injuries
6336,Minor_Damage_And_Injuries
6338,Minor_Damage_And_Injuries
6342,Highly_Fatal_And_Damaging
6349,Highly_Fatal_And_Damaging
6358,Minor_Damage_And_Injuries
6359,Highly_Fatal_And_Damaging
6360,Highly_Fatal_And_Damaging
6367,Highly_Fatal_And_Damaging
6377,Highly_Fatal_And_Damaging
6379,Significant_Damage_And_Fatalities
6381,Highly_Fatal_And_Damaging
6391,Highly_Fatal_And_Damaging
6400,Minor_Damage_And_Injuries
6402,Minor_Damage_And_Injuries
6405,Minor_Damage_And_Injuries
6415,Highly_Fatal_And_Damaging
6416,Significant_Damage_And_Serious_Injuries
6420,Highly_Fatal_And_Damaging
6434,Minor_Damage_And_Injuries
6448,Significant_Damage_And_Serious_Injuries
6451,Highly_Fatal_And_Damaging
6453,Significant_Damage_And_Serious_Injuries
6459,Significant_Damage_And_Serious_Injuries
6461,Highly_Fatal_And_Damaging
6467,Highly_Fatal_And_Damaging
6468,Minor_Damage_And_Injuries
6473,Highly_Fatal_And_Damaging
6484,Significant_Damage_And_Serious_Injuries
6486,Highly_Fatal_And_Damaging
6490,Significant_Damage_And_Serious_Injuries
6502,Significant_Damage_And_Serious_Injuries
6503,Significant_Damage_And_Fatalities
6507,Significant_Damage_And_Serious_Injuries
6512,Significant_Damage_And_Fatalities
6523,Significant_Damage_And_Fatalities
6528,Highly_Fatal_And_Damaging
6530,Minor_Damage_And_Injuries
6543,Highly_Fatal_And_Damaging
6546,Highly_Fatal_And_Damaging
6548,Significant_Damage_And_Fatalities
6551,Minor_Damage_And_Injuries
6553,Significant_Damage_And_Serious_Injuries
6562,Significant_Damage_And_Serious_Injuries
6571,Significant_Damage_And_Serious_Injuries
6572,Significant_Damage_And_Fatalities
6579,Highly_Fatal_And_Damaging
6584,Significant_Damage_And_Serious_Injuries
6588,Highly_Fatal_And_Damaging
6596,Significant_Damage_And_Serious_Injuries
6599,Significant_Damage_And_Fatalities
6625,Significant_Damage_And_Serious_Injuries
6632,Significant_Damage_And_Fatalities
6641,Significant_Damage_And_Fatalities
6651,Minor_Damage_And_Injuries
6654,Significant_Damage_And_Fatalities
6657,Minor_Damage_And_Injuries
6665,Significant_Damage_And_Serious_Injuries
6671,Highly_Fatal_And_Damaging
6672,Highly_Fatal_And_Damaging
6675,Significant_Damage_And_Serious_Injuries
6676,Minor_Damage_And_Injuries
6682,Highly_Fatal_And_Damaging
6684,Highly_Fatal_And_Damaging
6692,Significant_Damage_And_Fatalities
6694,Highly_Fatal_And_Damaging
6700,Significant_Damage_And_Fatalities
6723,Minor_Damage_And_Injuries
6726,Highly_Fatal_And_Damaging
6729,Significant_Damage_And_Serious_Injuries
6734,Significant_Damage_And_Fatalities
6737,Highly_Fatal_And_Damaging
6738,Minor_Damage_And_Injuries
6745,Significant_Damage_And_Serious_Injuries
6747,Minor_Damage_And_Injuries
6750,Minor_Damage_And_Injuries
6754,Minor_Damage_And_Injuries
6755,Significant_Damage_And_Serious_Injuries
6761,Minor_Damage_And_Injuries
6762,Significant_Damage_And_Fatalities
6765,Highly_Fatal_And_Damaging
6769,Significant_Damage_And_Serious_Injuries
6785,Highly_Fatal_And_Damaging
6788,Minor_Damage_And_Injuries
6793,Significant_Damage_And_Fatalities
6796,Significant_Damage_And_Fatalities
6799,Highly_Fatal_And_Damaging
6801,Significant_Damage_And_Fatalities
6807,Highly_Fatal_And_Damaging
6811,Significant_Damage_And_Serious_Injuries
6812,Highly_Fatal_And_Damaging
6815,Highly_Fatal_And_Damaging
6818,Significant_Damage_And_Fatalities
6828,Highly_Fatal_And_Damaging
6832,Significant_Damage_And_Serious_Injuries
6833,Highly_Fatal_And_Damaging
6836,Minor_Damage_And_Injuries
6839,Minor_Damage_And_Injuries
6842,Highly_Fatal_And_Damaging
6845,Significant_Damage_And_Fatalities
6848,Highly_Fatal_And_Damaging
6849,Highly_Fatal_And_Damaging
6850,Significant_Damage_And_Fatalities
6853,Minor_Damage_And_Injuries
6862,Highly_Fatal_And_Damaging
6864,Minor_Damage_And_Injuries
6868,Highly_Fatal_And_Damaging
6872,Highly_Fatal_And_Damaging
6892,Significant_Damage_And_Fatalities
6895,Significant_Damage_And_Serious_Injuries
6897,Minor_Damage_And_Injuries
6900,Minor_Damage_And_Injuries
6904,Minor_Damage_And_Injuries
6907,Significant_Damage_And_Serious_Injuries
6912,Significant_Damage_And_Serious_Injuries
6913,Significant_Damage_And_Fatalities
6920,Highly_Fatal_And_Damaging
6922,Highly_Fatal_And_Damaging
6924,Significant_Damage_And_Fatalities
6925,Significant_Damage_And_Fatalities
6929,Highly_Fatal_And_Damaging
6933,Significant_Damage_And_Fatalities
6938,Significant_Damage_And_Fatalities
6939,Minor_Damage_And_Injuries
6945,Significant_Damage_And_Fatalities
6950,Highly_Fatal_And_Damaging
6953,Minor_Damage_And_Injuries
6957,Highly_Fatal_And_Damaging
6961,Significant_Damage_And_Fatalities
6970,Significant_Damage_And_Serious_Injuries
6975,Minor_Damage_And_Injuries
6978,Highly_Fatal_And_Damaging
6979,Significant_Damage_And_Fatalities
6981,Significant_Damage_And_Serious_Injuries
6985,Minor_Damage_And_Injuries
6988,Significant_Damage_And_Fatalities
6989,Significant_Damage_And_Fatalities
6996,Significant_Damage_And_Fatalities
7007,Significant_Damage_And_Serious_Injuries
7008,Minor_Damage_And_Injuries
7016,Highly_Fatal_And_Damaging
7021,Highly_Fatal_And_Damaging
7022,Minor_Damage_And_Injuries
7029,Significant_Damage_And_Fatalities
7035,Highly_Fatal_And_Damaging
7066,Minor_Damage_And_Injuries
7067,Highly_Fatal_And_Damaging
7068,Highly_Fatal_And_Damaging
7069,Highly_Fatal_And_Damaging
7072,Highly_Fatal_And_Damaging
7077,Minor_Damage_And_Injuries
7079,Minor_Damage_And_Injuries
7080,Highly_Fatal_And_Damaging
7090,Highly_Fatal_And_Damaging
7091,Significant_Damage_And_Fatalities
7092,Highly_Fatal_And_Damaging
7093,Minor_Damage_And_Injuries
7109,Significant_Damage_And_Serious_Injuries
7114,Highly_Fatal_And_Damaging
7118,Minor_Damage_And_Injuries
7122,Highly_Fatal_And_Damaging
7124,Highly_Fatal_And_Damaging
7126,Highly_Fatal_And_Damaging
7132,Highly_Fatal_And_Damaging
7140,Minor_Damage_And_Injuries
7154,Minor_Damage_And_Injuries
7156,Highly_Fatal_And_Damaging
7158,Minor_Damage_And_Injuries
7172,Significant_Damage_And_Fatalities
7173,Significant_Damage_And_Fatalities
7174,Significant_Damage_And_Serious_Injuries
7176,Minor_Damage_And_Injuries
7177,Minor_Damage_And_Injuries
7179,Highly_Fatal_And_Damaging
7181,Minor_Damage_And_Injuries
7182,Significant_Damage_And_Fatalities
7191,Significant_Damage_And_Serious_Injuries
7194,Minor_Damage_And_Injuries
7195,Highly_Fatal_And_Damaging
7200,Highly_Fatal_And_Damaging
7201,Minor_Damage_And_Injuries
7205,Highly_Fatal_And_Damaging
7208,Minor_Damage_And_Injuries
7209,Significant_Damage_And_Fatalities
7210,Minor_Damage_And_Injuries
7212,Minor_Damage_And_Injuries
7213,Highly_Fatal_And_Damaging
7216,Significant_Damage_And_Fatalities
7218,Significant_Damage_And_Serious_Injuries
7221,Minor_Damage_And_Injuries
7222,Significant_Damage_And_Serious_Injuries
7223,Highly_Fatal_And_Damaging
7232,Minor_Damage_And_Injuries
7244,Significant_Damage_And_Fatalities
7253,Highly_Fatal_And_Damaging
7255,Highly_Fatal_And_Damaging
7267,Highly_Fatal_And_Damaging
7269,Significant_Damage_And_Fatalities
7279,Highly_Fatal_And_Damaging
7284,Minor_Damage_And_Injuries
7294,Highly_Fatal_And_Damaging
7296,Significant_Damage_And_Fatalities
7298,Highly_Fatal_And_Damaging
7307,Minor_Damage_And_Injuries
7323,Highly_Fatal_And_Damaging
7333,Significant_Damage_And_Serious_Injuries
7335,Significant_Damage_And_Fatalities
7336,Significant_Damage_And_Serious_Injuries
7338,Significant_Damage_And_Fatalities
7345,Significant_Damage_And_Fatalities
7346,Highly_Fatal_And_Damaging
7348,Minor_Damage_And_Injuries
7349,Significant_Damage_And_Fatalities
7353,Highly_Fatal_And_Damaging
7354,Highly_Fatal_And_Damaging
7355,Minor_Damage_And_Injuries
7356,Highly_Fatal_And_Damaging
7367,Highly_Fatal_And_Damaging
7370,Minor_Damage_And_Injuries
7375,Minor_Damage_And_Injuries
7384,Significant_Damage_And_Serious_Injuries
7392,Highly_Fatal_And_Damaging
7394,Minor_Damage_And_Injuries
7395,Significant_Damage_And_Fatalities
7401,Minor_Damage_And_Injuries
7402,Significant_Damage_And_Fatalities
7407,Significant_Damage_And_Serious_Injuries
7420,Significant_Damage_And_Fatalities
7437,Highly_Fatal_And_Damaging
7455,Highly_Fatal_And_Damaging
7460,Highly_Fatal_And_Damaging
7476,Significant_Damage_And_Fatalities
7478,Highly_Fatal_And_Damaging
7484,Minor_Damage_And_Injuries
7491,Highly_Fatal_And_Damaging
7492,Significant_Damage_And_Fatalities
7495,Significant_Damage_And_Fatalities
7503,Highly_Fatal_And_Damaging
7505,Highly_Fatal_And_Damaging
7506,Highly_Fatal_And_Damaging
7508,Significant_Damage_And_Fatalities
7513,Significant_Damage_And_Fatalities
7526,Highly_Fatal_And_Damaging
7530,Highly_Fatal_And_Damaging
7534,Minor_Damage_And_Injuries
7537,Significant_Damage_And_Serious_Injuries
7541,Minor_Damage_And_Injuries
7542,Highly_Fatal_And_Damaging
7548,Highly_Fatal_And_Damaging
7551,Significant_Damage_And_Serious_Injuries
7553,Highly_Fatal_And_Damaging
7554,Highly_Fatal_And_Damaging
7557,Highly_Fatal_And_Damaging
7563,Highly_Fatal_And_Damaging
7568,Significant_Damage_And_Serious_Injuries
7581,Highly_Fatal_And_Damaging
7582,Highly_Fatal_And_Damaging
7587,Highly_Fatal_And_Damaging
7617,Significant_Damage_And_Fatalities
7621,Minor_Damage_And_Injuries
7623,Minor_Damage_And_Injuries
7633,Minor_Damage_And_Injuries
7639,Highly_Fatal_And_Damaging
7654,Significant_Damage_And_Fatalities
7660,Significant_Damage_And_Serious_Injuries
7661,Highly_Fatal_And_Damaging
7662,Significant_Damage_And_Fatalities
7663,Significant_Damage_And_Serious_Injuries
7664,Significant_Damage_And_Serious_Injuries
7665,Highly_Fatal_And_Damaging
7668,Significant_Damage_And_Serious_Injuries
7682,Significant_Damage_And_Serious_Injuries
7683,Highly_Fatal_And_Damaging
7684,Significant_Damage_And_Serious_Injuries
7687,Minor_Damage_And_Injuries
7691,Significant_Damage_And_Serious_Injuries
7701,Significant_Damage_And_Serious_Injuries
7702,Highly_Fatal_And_Damaging
7705,Significant_Damage_And_Fatalities
7711,Significant_Damage_And_Serious_Injuries
7714,Significant_Damage_And_Serious_Injuries
7716,Significant_Damage_And_Fatalities
7725,Minor_Damage_And_Injuries
7726,Significant_Damage_And_Fatalities
7732,Highly_Fatal_And_Damaging
7748,Significant_Damage_And_Serious_Injuries
7755,Highly_Fatal_And_Damaging
7759,Highly_Fatal_And_Damaging
7763,Significant_Damage_And_Serious_Injuries
7767,Significant_Damage_And_Fatalities
7769,Highly_Fatal_And_Damaging
7781,Significant_Damage_And_Fatalities
7783,Minor_Damage_And_Injuries
7790,Minor_Damage_And_Injuries
7798,Minor_Damage_And_Injuries
7810,Significant_Damage_And_Serious_Injuries
7821,Significant_Damage_And_Fatalities
7824,Significant_Damage_And_Fatalities
7828,Significant_Damage_And_Serious_Injuries
7838,Significant_Damage_And_Serious_Injuries
7841,Highly_Fatal_And_Damaging
7847,Significant_Damage_And_Fatalities
7852,Minor_Damage_And_Injuries
7854,Minor_Damage_And_Injuries
7857,Highly_Fatal_And_Damaging
7867,Minor_Damage_And_Injuries
7868,Significant_Damage_And_Serious_Injuries
7869,Highly_Fatal_And_Damaging
7871,Significant_Damage_And_Serious_Injuries
7872,Significant_Damage_And_Serious_Injuries
7885,Minor_Damage_And_Injuries
7889,Significant_Damage_And_Serious_Injuries
7902,Significant_Damage_And_Fatalities
7917,Significant_Damage_And_Serious_Injuries
7918,Significant_Damage_And_Fatalities
7919,Minor_Damage_And_Injuries
7926,Highly_Fatal_And_Damaging
7927,Significant_Damage_And_Fatalities
7928,Minor_Damage_And_Injuries
7947,Minor_Damage_And_Injuries
7950,Significant_Damage_And_Serious_Injuries
7952,Highly_Fatal_And_Damaging
7955,Minor_Damage_And_Injuries
7966,Significant_Damage_And_Fatalities
7981,Significant_Damage_And_Fatalities
7987,Significant_Damage_And_Fatalities
7996,Significant_Damage_And_Serious_Injuries
7997,Highly_Fatal_And_Damaging
8012,Significant_Damage_And_Fatalities
8018,Significant_Damage_And_Fatalities
8020,Significant_Damage_And_Fatalities
8021,Significant_Damage_And_Serious_Injuries
8028,Highly_Fatal_And_Damaging
8031,Highly_Fatal_And_Damaging
8034,Highly_Fatal_And_Damaging
8039,Minor_Damage_And_Injuries
8044,Significant_Damage_And_Fatalities
8046,Highly_Fatal_And_Damaging
8049,Significant_Damage_And_Serious_Injuries
8052,Significant_Damage_And_Fatalities
8054,Highly_Fatal_And_Damaging
8057,Minor_Damage_And_Injuries
8058,Minor_Damage_And_Injuries
8061,Highly_Fatal_And_Damaging
8074,Minor_Damage_And_Injuries
8075,Highly_Fatal_And_Damaging
8078,Significant_Damage_And_Serious_Injuries
8081,Highly_Fatal_And_Damaging
8084,Minor_Damage_And_Injuries
8088,Significant_Damage_And_Fatalities
8089,Significant_Damage_And_Fatalities
8090,Highly_Fatal_And_Damaging
8097,Highly_Fatal_And_Damaging
8101,Significant_Damage_And_Serious_Injuries
8105,Highly_Fatal_And_Damaging
8115,Significant_Damage_And_Serious_Injuries
8122,Significant_Damage_And_Serious_Injuries
8125,Significant_Damage_And_Fatalities
8132,Minor_Damage_And_Injuries
8133,Highly_Fatal_And_Damaging
8136,Minor_Damage_And_Injuries
8138,Significant_Damage_And_Fatalities
8144,Highly_Fatal_And_Damaging
8146,Minor_Damage_And_Injuries
8150,Significant_Damage_And_Fatalities
8152,Highly_Fatal_And_Damaging
8157,Significant_Damage_And_Serious_Injuries
8167,Highly_Fatal_And_Damaging
8172,Significant_Damage_And_Fatalities
8178,Significant_Damage_And_Fatalities
8184,Highly_Fatal_And_Damaging
8186,Highly_Fatal_And_Damaging
8187,Highly_Fatal_And_Damaging
8190,Highly_Fatal_And_Damaging
8198,Highly_Fatal_And_Damaging
8200,Significant_Damage_And_Serious_Injuries
8206,Significant_Damage_And_Fatalities
8217,Minor_Damage_And_Injuries
8221,Minor_Damage_And_Injuries
8224,Minor_Damage_And_Injuries
8230,Highly_Fatal_And_Damaging
8233,Minor_Damage_And_Injuries
8237,Minor_Damage_And_Injuries
8239,Highly_Fatal_And_Damaging
8240,Highly_Fatal_And_Damaging
8242,Significant_Damage_And_Fatalities
8243,Highly_Fatal_And_Damaging
8246,Minor_Damage_And_Injuries
8251,Significant_Damage_And_Fatalities
8253,Highly_Fatal_And_Damaging
8268,Significant_Damage_And_Fatalities
8269,Significant_Damage_And_Serious_Injuries
8277,Highly_Fatal_And_Damaging
8287,Highly_Fatal_And_Damaging
8294,Minor_Damage_And_Injuries
8297,Significant_Damage_And_Fatalities
8314,Highly_Fatal_And_Damaging
8315,Minor_Damage_And_Injuries
8317,Significant_Damage_And_Fatalities
8319,Highly_Fatal_And_Damaging
8322,Significant_Damage_And_Serious_Injuries
8327,Significant_Damage_And_Serious_Injuries
8329,Significant_Damage_And_Fatalities
8336,Significant_Damage_And_Fatalities
8345,Significant_Damage_And_Serious_Injuries
8361,Significant_Damage_And_Fatalities
8362,Highly_Fatal_And_Damaging
8365,Significant_Damage_And_Fatalities
8369,Significant_Damage_And_Fatalities
8372,Significant_Damage_And_Fatalities
8374,Significant_Damage_And_Serious_Injuries
8376,Highly_Fatal_And_Damaging
8377,Highly_Fatal_And_Damaging
8388,Minor_Damage_And_Injuries
8389,Significant_Damage_And_Fatalities
8390,Significant_Damage_And_Serious_Injuries
8395,Minor_Damage_And_Injuries
8402,Significant_Damage_And_Serious_Injuries
8412,Significant_Damage_And_Fatalities
8419,Highly_Fatal_And_Damaging
8426,Minor_Damage_And_Injuries
8428,Significant_Damage_And_Fatalities
8429,Minor_Damage_And_Injuries
8431,Highly_Fatal_And_Damaging
8450,Highly_Fatal_And_Damaging
8456,Highly_Fatal_And_Damaging
8463,Minor_Damage_And_Injuries
8490,Significant_Damage_And_Serious_Injuries
8491,Highly_Fatal_And_Damaging
8496,Highly_Fatal_And_Damaging
8507,Highly_Fatal_And_Damaging
8513,Minor_Damage_And_Injuries
8517,Highly_Fatal_And_Damaging
8519,Minor_Damage_And_Injuries
8524,Significant_Damage_And_Fatalities
8542,Significant_Damage_And_Serious_Injuries
8543,Significant_Damage_And_Fatalities
8551,Significant_Damage_And_Fatalities
8553,Significant_Damage_And_Fatalities
8562,Significant_Damage_And_Fatalities
8567,Significant_Damage_And_Serious_Injuries
8571,Minor_Damage_And_Injuries
8574,Highly_Fatal_And_Damaging
8575,Significant_Damage_And_Fatalities
8576,Significant_Damage_And_Serious_Injuries
8586,Highly_Fatal_And_Damaging
8587,Highly_Fatal_And_Damaging
8590,Highly_Fatal_And_Damaging
8594,Significant_Damage_And_Fatalities
8596,Highly_Fatal_And_Damaging
8599,Highly_Fatal_And_Damaging
8604,Significant_Damage_And_Serious_Injuries
8606,Significant_Damage_And_Serious_Injuries
8620,Minor_Damage_And_Injuries
8623,Significant_Damage_And_Fatalities
8643,Significant_Damage_And_Serious_Injuries
8652,Minor_Damage_And_Injuries
8653,Significant_Damage_And_Serious_Injuries
8655,Significant_Damage_And_Serious_Injuries
8657,Significant_Damage_And_Serious_Injuries
8663,Highly_Fatal_And_Damaging
8665,Minor_Damage_And_Injuries
8685,Significant_Damage_And_Serious_Injuries
8715,Highly_Fatal_And_Damaging
8719,Minor_Damage_And_Injuries
8724,Significant_Damage_And_Fatalities
8725,Highly_Fatal_And_Damaging
8726,Significant_Damage_And_Fatalities
8728,Highly_Fatal_And_Damaging
8729,Highly_Fatal_And_Damaging
8730,Highly_Fatal_And_Damaging
8737,Minor_Damage_And_Injuries
8743,Significant_Damage_And_Serious_Injuries
8744,Significant_Damage_And_Fatalities
8747,Highly_Fatal_And_Damaging
8749,Highly_Fatal_And_Damaging
8751,Significant_Damage_And_Serious_Injuries
8754,Minor_Damage_And_Injuries
8756,Highly_Fatal_And_Damaging
8759,Significant_Damage_And_Fatalities
8767,Highly_Fatal_And_Damaging
8772,Highly_Fatal_And_Damaging
8773,Highly_Fatal_And_Damaging
8776,Significant_Damage_And_Serious_Injuries
8780,Significant_Damage_And_Serious_Injuries
8781,Significant_Damage_And_Fatalities
8786,Highly_Fatal_And_Damaging
8791,Significant_Damage_And_Serious_Injuries
8793,Significant_Damage_And_Fatalities
8796,Significant_Damage_And_Fatalities
8798,Minor_Damage_And_Injuries
8804,Significant_Damage_And_Fatalities
8812,Significant_Damage_And_Fatalities
8815,Significant_Damage_And_Fatalities
8862,Minor_Damage_And_Injuries
8867,Highly_Fatal_And_Damaging
8870,Significant_Damage_And_Serious_Injuries
8873,Significant_Damage_And_Fatalities
8875,Highly_Fatal_And_Damaging
8881,Significant_Damage_And_Fatalities
8882,Minor_Damage_And_Injuries
8901,Significant_Damage_And_Fatalities
8903,Minor_Damage_And_Injuries
8905,Significant_Damage_And_Serious_Injuries
8908,Highly_Fatal_And_Damaging
8909,Minor_Damage_And_Injuries
8913,Minor_Damage_And_Injuries
8916,Minor_Damage_And_Injuries
8931,Highly_Fatal_And_Damaging
8936,Significant_Damage_And_Serious_Injuries
8943,Highly_Fatal_And_Damaging
8944,Significant_Damage_And_Serious_Injuries
8961,Significant_Damage_And_Fatalities
8970,Significant_Damage_And_Fatalities
8976,Highly_Fatal_And_Damaging
8983,Minor_Damage_And_Injuries
8989,Minor_Damage_And_Injuries
8998,Highly_Fatal_And_Damaging
8999,Highly_Fatal_And_Damaging
9002,Highly_Fatal_And_Damaging
9013,Significant_Damage_And_Fatalities
9014,Highly_Fatal_And_Damaging
9018,Minor_Damage_And_Injuries
9026,Highly_Fatal_And_Damaging
9027,Highly_Fatal_And_Damaging
9033,Highly_Fatal_And_Damaging
9035,Highly_Fatal_And_Damaging
9040,Significant_Damage_And_Fatalities
9047,Significant_Damage_And_Fatalities
9049,Highly_Fatal_And_Damaging
9051,Highly_Fatal_And_Damaging
9057,Significant_Damage_And_Fatalities
9072,Highly_Fatal_And_Damaging
9078,Significant_Damage_And_Fatalities
9080,Highly_Fatal_And_Damaging
9081,Significant_Damage_And_Fatalities
9083,Significant_Damage_And_Fatalities
9088,Significant_Damage_And_Fatalities
9089,Highly_Fatal_And_Damaging
9109,Highly_Fatal_And_Damaging
9111,Significant_Damage_And_Serious_Injuries
9113,Significant_Damage_And_Serious_Injuries
9117,Minor_Damage_And_Injuries
9119,Highly_Fatal_And_Damaging
9123,Highly_Fatal_And_Damaging
9127,Highly_Fatal_And_Damaging
9135,Highly_Fatal_And_Damaging
9139,Significant_Damage_And_Serious_Injuries
9143,Significant_Damage_And_Fatalities
9148,Significant_Damage_And_Fatalities
9160,Significant_Damage_And_Serious_Injuries
9166,Highly_Fatal_And_Damaging
9176,Highly_Fatal_And_Damaging
9177,Significant_Damage_And_Fatalities
9178,Significant_Damage_And_Serious_Injuries
9181,Significant_Damage_And_Serious_Injuries
9185,Highly_Fatal_And_Damaging
9187,Minor_Damage_And_Injuries
9192,Minor_Damage_And_Injuries
9200,Highly_Fatal_And_Damaging
9212,Significant_Damage_And_Serious_Injuries
9219,Minor_Damage_And_Injuries
9230,Minor_Damage_And_Injuries
9231,Significant_Damage_And_Fatalities
9232,Minor_Damage_And_Injuries
9239,Minor_Damage_And_Injuries
9242,Significant_Damage_And_Serious_Injuries
9245,Significant_Damage_And_Fatalities
9247,Highly_Fatal_And_Damaging
9250,Highly_Fatal_And_Damaging
9252,Significant_Damage_And_Fatalities
9257,Minor_Damage_And_Injuries
9260,Highly_Fatal_And_Damaging
9264,Significant_Damage_And_Serious_Injuries
9266,Significant_Damage_And_Serious_Injuries
9270,Highly_Fatal_And_Damaging
9274,Highly_Fatal_And_Damaging
9279,Significant_Damage_And_Serious_Injuries
9281,Minor_Damage_And_Injuries
9282,Minor_Damage_And_Injuries
9283,Highly_Fatal_And_Damaging
9292,Highly_Fatal_And_Damaging
9300,Significant_Damage_And_Fatalities
9302,Significant_Damage_And_Fatalities
9303,Highly_Fatal_And_Damaging
9308,Highly_Fatal_And_Damaging
9313,Significant_Damage_And_Fatalities
9321,Significant_Damage_And_Serious_Injuries
9324,Minor_Damage_And_Injuries
9333,Significant_Damage_And_Fatalities
9340,Minor_Damage_And_Injuries
9349,Highly_Fatal_And_Damaging
9351,Minor_Damage_And_Injuries
9352,Highly_Fatal_And_Damaging
9353,Highly_Fatal_And_Damaging
9359,Significant_Damage_And_Fatalities
9363,Significant_Damage_And_Fatalities
9365,Highly_Fatal_And_Damaging
9373,Highly_Fatal_And_Damaging
9377,Significant_Damage_And_Fatalities
9383,Highly_Fatal_And_Damaging
9389,Highly_Fatal_And_Damaging
9392,Highly_Fatal_And_Damaging
9400,Highly_Fatal_And_Damaging
9401,Significant_Damage_And_Fatalities
9407,Significant_Damage_And_Fatalities
9408,Significant_Damage_And_Serious_Injuries
9417,Highly_Fatal_And_Damaging
9423,Highly_Fatal_And_Damaging
9424,Minor_Damage_And_Injuries
9430,Significant_Damage_And_Serious_Injuries
9449,Significant_Damage_And_Serious_Injuries
9452,Significant_Damage_And_Fatalities
9453,Minor_Damage_And_Injuries
9456,Significant_Damage_And_Fatalities
9461,Minor_Damage_And_Injuries
9463,Significant_Damage_And_Fatalities
9465,Minor_Damage_And_Injuries
9471,Significant_Damage_And_Fatalities
9484,Significant_Damage_And_Serious_Injuries
9489,Significant_Damage_And_Fatalities
9495,Significant_Damage_And_Serious_Injuries
9508,Significant_Damage_And_Fatalities
9515,Minor_Damage_And_Injuries
9521,Significant_Damage_And_Fatalities
9528,Significant_Damage_And_Serious_Injuries
9534,Highly_Fatal_And_Damaging
9539,Highly_Fatal_And_Damaging
9540,Highly_Fatal_And_Damaging
9553,Highly_Fatal_And_Damaging
9557,Minor_Damage_And_Injuries
9565,Highly_Fatal_And_Damaging
9572,Significant_Damage_And_Serious_Injuries
9583,Highly_Fatal_And_Damaging
9584,Highly_Fatal_And_Damaging
9585,Significant_Damage_And_Fatalities
9588,Minor_Damage_And_Injuries
9591,Minor_Damage_And_Injuries
9595,Significant_Damage_And_Serious_Injuries
9602,Minor_Damage_And_Injuries
9612,Significant_Damage_And_Serious_Injuries
9615,Minor_Damage_And_Injuries
9622,Highly_Fatal_And_Damaging
9632,Significant_Damage_And_Fatalities
9636,Significant_Damage_And_Fatalities
9640,Significant_Damage_And_Fatalities
9641,Highly_Fatal_And_Damaging
9648,Minor_Damage_And_Injuries
9659,Significant_Damage_And_Serious_Injuries
9667,Minor_Damage_And_Injuries
9669,Significant_Damage_And_Serious_Injuries
9672,Significant_Damage_And_Fatalities
9689,Highly_Fatal_And_Damaging
9694,Significant_Damage_And_Serious_Injuries
9695,Highly_Fatal_And_Damaging
9696,Significant_Damage_And_Serious_Injuries
9699,Minor_Damage_And_Injuries
9717,Significant_Damage_And_Fatalities
9720,Significant_Damage_And_Serious_Injuries
9721,Minor_Damage_And_Injuries
9729,Highly_Fatal_And_Damaging
9736,Significant_Damage_And_Serious_Injuries
9740,Significant_Damage_And_Fatalities
9746,Highly_Fatal_And_Damaging
9748,Significant_Damage_And_Fatalities
9750,Significant_Damage_And_Fatalities
9751,Highly_Fatal_And_Damaging
9755,Minor_Damage_And_Injuries
9757,Highly_Fatal_And_Damaging
9759,Significant_Damage_And_Fatalities
9761,Highly_Fatal_And_Damaging
9770,Significant_Damage_And_Fatalities
9778,Minor_Damage_And_Injuries
9779,Significant_Damage_And_Fatalities
9783,Highly_Fatal_And_Damaging
9784,Significant_Damage_And_Fatalities
9791,Significant_Damage_And_Fatalities
9798,Highly_Fatal_And_Damaging
9804,Highly_Fatal_And_Damaging
9809,Highly_Fatal_And_Damaging
9811,Significant_Damage_And_Serious_Injuries
9817,Minor_Damage_And_Injuries
9818,Significant_Damage_And_Serious_Injuries
9819,Highly_Fatal_And_Damaging
9820,Highly_Fatal_And_Damaging
9838,Minor_Damage_And_Injuries
9840,Minor_Damage_And_Injuries
9856,Significant_Damage_And_Fatalities
9858,Significant_Damage_And_Fatalities
9861,Minor_Damage_And_Injuries
9864,Highly_Fatal_And_Damaging
9866,Highly_Fatal_And_Damaging
9889,Highly_Fatal_And_Damaging
9890,Minor_Damage_And_Injuries
9894,Significant_Damage_And_Serious_Injuries
9896,Significant_Damage_And_Fatalities
9900,Highly_Fatal_And_Damaging
9901,Highly_Fatal_And_Damaging
9903,Highly_Fatal_And_Damaging
9905,Significant_Damage_And_Serious_Injuries
9906,Highly_Fatal_And_Damaging
9912,Highly_Fatal_And_Damaging
9913,Highly_Fatal_And_Damaging
9915,Highly_Fatal_And_Damaging
9918,Highly_Fatal_And_Damaging
9919,Highly_Fatal_And_Damaging
9920,Significant_Damage_And_Serious_Injuries
9924,Highly_Fatal_And_Damaging
9925,Significant_Damage_And_Fatalities
9930,Highly_Fatal_And_Damaging
9936,Minor_Damage_And_Injuries
9939,Significant_Damage_And_Serious_Injuries
9945,Significant_Damage_And_Serious_Injuries
9947,Highly_Fatal_And_Damaging
9948,Highly_Fatal_And_Damaging
9956,Significant_Damage_And_Serious_Injuries
9963,Highly_Fatal_And_Damaging
9965,Significant_Damage_And_Serious_Injuries
9969,Minor_Damage_And_Injuries
9972,Highly_Fatal_And_Damaging
9980,Highly_Fatal_And_Damaging
9985,Significant_Damage_And_Fatalities
9991,Significant_Damage_And_Serious_Injuries
9999,Significant_Damage_And_Serious_Injuries
10000,Significant_Damage_And_Fatalities
10002,Significant_Damage_And_Serious_Injuries
10004,Minor_Damage_And_Injuries
10006,Significant_Damage_And_Serious_Injuries
10008,Significant_Damage_And_Serious_Injuries
10024,Significant_Damage_And_Fatalities
10032,Significant_Damage_And_Fatalities
10038,Significant_Damage_And_Serious_Injuries
10054,Significant_Damage_And_Fatalities
10057,Highly_Fatal_And_Damaging
10062,Highly_Fatal_And_Damaging
10069,Significant_Damage_And_Serious_Injuries
10074,Minor_Damage_And_Injuries
10085,Highly_Fatal_And_Damaging
10086,Minor_Damage_And_Injuries
10089,Significant_Damage_And_Serious_Injuries
10092,Significant_Damage_And_Serious_Injuries
10102,Minor_Damage_And_Injuries
10104,Highly_Fatal_And_Damaging
10112,Highly_Fatal_And_Damaging
10114,Minor_Damage_And_Injuries
10129,Significant_Damage_And_Serious_Injuries
10134,Highly_Fatal_And_Damaging
10138,Significant_Damage_And_Fatalities
10145,Significant_Damage_And_Serious_Injuries
10152,Significant_Damage_And_Serious_Injuries
10156,Significant_Damage_And_Serious_Injuries
10171,Significant_Damage_And_Serious_Injuries
10182,Significant_Damage_And_Serious_Injuries
10183,Highly_Fatal_And_Damaging
10185,Significant_Damage_And_Fatalities
10194,Minor_Damage_And_Injuries
10199,Significant_Damage_And_Fatalities
10212,Minor_Damage_And_Injuries
10220,Significant_Damage_And_Serious_Injuries
10222,Significant_Damage_And_Fatalities
10233,Minor_Damage_And_Injuries
10235,Significant_Damage_And_Fatalities
10236,Minor_Damage_And_Injuries
10243,Significant_Damage_And_Fatalities
10247,Highly_Fatal_And_Damaging
10251,Significant_Damage_And_Serious_Injuries
10253,Highly_Fatal_And_Damaging
10263,Highly_Fatal_And_Damaging
10273,Significant_Damage_And_Serious_Injuries
10276,Minor_Damage_And_Injuries
10282,Minor_Damage_And_Injuries
10291,Highly_Fatal_And_Damaging
10298,Minor_Damage_And_Injuries
10300,Highly_Fatal_And_Damaging
10303,Highly_Fatal_And_Damaging
10306,Highly_Fatal_And_Damaging
10307,Significant_Damage_And_Fatalities
10310,Significant_Damage_And_Fatalities
10316,Minor_Damage_And_Injuries
10324,Minor_Damage_And_Injuries
10325,Highly_Fatal_And_Damaging
10331,Significant_Damage_And_Serious_Injuries
10332,Significant_Damage_And_Fatalities
10338,Significant_Damage_And_Fatalities
10351,Highly_Fatal_And_Damaging
10358,Significant_Damage_And_Serious_Injuries
10359,Minor_Damage_And_Injuries
10360,Significant_Damage_And_Serious_Injuries
10366,Significant_Damage_And_Serious_Injuries
10372,Minor_Damage_And_Injuries
10374,Minor_Damage_And_Injuries
10390,Minor_Damage_And_Injuries
10400,Minor_Damage_And_Injuries
10404,Significant_Damage_And_Serious_Injuries
10406,Significant_Damage_And_Serious_Injuries
10425,Highly_Fatal_And_Damaging
10442,Highly_Fatal_And_Damaging
10452,Highly_Fatal_And_Damaging
10465,Significant_Damage_And_Fatalities
10467,Minor_Damage_And_Injuries
10480,Significant_Damage_And_Fatalities
10483,Highly_Fatal_And_Damaging
10486,Significant_Damage_And_Fatalities
10490,Significant_Damage_And_Fatalities
10491,Highly_Fatal_And_Damaging
10495,Significant_Damage_And_Fatalities
10496,Minor_Damage_And_Injuries
10504,Highly_Fatal_And_Damaging
10506,Significant_Damage_And_Fatalities
10508,Significant_Damage_And_Fatalities
10514,Highly_Fatal_And_Damaging
10515,Highly_Fatal_And_Damaging
10517,Highly_Fatal_And_Damaging
10518,Highly_Fatal_And_Damaging
10520,Highly_Fatal_And_Damaging
10527,Highly_Fatal_And_Damaging
10535,Significant_Damage_And_Fatalities
10536,Highly_Fatal_And_Damaging
10547,Significant_Damage_And_Fatalities
10553,Significant_Damage_And_Fatalities
10555,Significant_Damage_And_Fatalities
10556,Highly_Fatal_And_Damaging
10557,Significant_Damage_And_Serious_Injuries
10560,Highly_Fatal_And_Damaging
10572,Significant_Damage_And_Serious_Injuries
10573,Significant_Damage_And_Fatalities
10582,Highly_Fatal_And_Damaging
10587,Highly_Fatal_And_Damaging
10588,Significant_Damage_And_Serious_Injuries
10596,Highly_Fatal_And_Damaging
10600,Significant_Damage_And_Serious_Injuries
10601,Significant_Damage_And_Serious_Injuries
10604,Minor_Damage_And_Injuries
10607,Minor_Damage_And_Injuries
10613,Highly_Fatal_And_Damaging
10618,Highly_Fatal_And_Damaging
10621,Highly_Fatal_And_Damaging
10624,Highly_Fatal_And_Damaging
10633,Highly_Fatal_And_Damaging
10638,Significant_Damage_And_Fatalities
10640,Highly_Fatal_And_Damaging
10644,Significant_Damage_And_Fatalities
10647,Highly_Fatal_And_Damaging
10653,Significant_Damage_And_Fatalities
10657,Minor_Damage_And_Injuries
10658,Highly_Fatal_And_Damaging
10670,Significant_Damage_And_Fatalities
10674,Significant_Damage_And_Fatalities
10685,Minor_Damage_And_Injuries
10687,Significant_Damage_And_Fatalities
10691,Significant_Damage_And_Fatalities
10692,Highly_Fatal_And_Damaging
10698,Minor_Damage_And_Injuries
10699,Significant_Damage_And_Serious_Injuries
10702,Highly_Fatal_And_Damaging
10711,Significant_Damage_And_Serious_Injuries
10713,Highly_Fatal_And_Damaging
10718,Significant_Damage_And_Serious_Injuries
10729,Significant_Damage_And_Serious_Injuries
10733,Minor_Damage_And_Injuries
10736,Significant_Damage_And_Fatalities
10737,Minor_Damage_And_Injuries
10740,Highly_Fatal_And_Damaging
10746,Significant_Damage_And_Serious_Injuries
10748,Significant_Damage_And_Serious_Injuries
10749,Highly_Fatal_And_Damaging
10750,Highly_Fatal_And_Damaging
10751,Highly_Fatal_And_Damaging
10753,Highly_Fatal_And_Damaging
10776,Significant_Damage_And_Serious_Injuries
10781,Minor_Damage_And_Injuries
10786,Significant_Damage_And_Fatalities
10792,Minor_Damage_And_Injuries
10798,Significant_Damage_And_Fatalities
10799,Significant_Damage_And_Fatalities
10808,Significant_Damage_And_Serious_Injuries
10809,Highly_Fatal_And_Damaging
10810,Significant_Damage_And_Serious_Injuries
10812,Significant_Damage_And_Serious_Injuries
10813,Significant_Damage_And_Fatalities
10815,Highly_Fatal_And_Damaging
10819,Significant_Damage_And_Serious_Injuries
10821,Minor_Damage_And_Injuries
10826,Minor_Damage_And_Injuries
10832,Significant_Damage_And_Fatalities
10836,Minor_Damage_And_Injuries
10846,Highly_Fatal_And_Damaging
10853,Highly_Fatal_And_Damaging
10854,Significant_Damage_And_Fatalities
10866,Highly_Fatal_And_Damaging
10867,Significant_Damage_And_Fatalities
10875,Significant_Damage_And_Serious_Injuries
10882,Significant_Damage_And_Fatalities
10892,Significant_Damage_And_Fatalities
10895,Highly_Fatal_And_Damaging
10915,Minor_Damage_And_Injuries
10921,Highly_Fatal_And_Damaging
10926,Highly_Fatal_And_Damaging
10927,Highly_Fatal_And_Damaging
10934,Significant_Damage_And_Fatalities
10936,Significant_Damage_And_Serious_Injuries
10938,Highly_Fatal_And_Damaging
10941,Significant_Damage_And_Serious_Injuries
10953,Highly_Fatal_And_Damaging
10956,Highly_Fatal_And_Damaging
10957,Minor_Damage_And_Injuries
10959,Highly_Fatal_And_Damaging
10960,Highly_Fatal_And_Damaging
10963,Significant_Damage_And_Fatalities
10970,Minor_Damage_And_Injuries
10981,Significant_Damage_And_Fatalities
10982,Significant_Damage_And_Serious_Injuries
10984,Highly_Fatal_And_Damaging
10988,Highly_Fatal_And_Damaging
10996,Significant_Damage_And_Serious_Injuries
11002,Significant_Damage_And_Fatalities
11011,Highly_Fatal_And_Damaging
11017,Highly_Fatal_And_Damaging
11019,Significant_Damage_And_Fatalities
11024,Highly_Fatal_And_Damaging
11029,Significant_Damage_And_Serious_Injuries
11030,Significant_Damage_And_Serious_Injuries
11032,Significant_Damage_And_Fatalities
11036,Minor_Damage_And_Injuries
11037,Highly_Fatal_And_Damaging
11040,Minor_Damage_And_Injuries
11043,Significant_Damage_And_Serious_Injuries
11051,Highly_Fatal_And_Damaging
11055,Minor_Damage_And_Injuries
11056,Highly_Fatal_And_Damaging
11059,Minor_Damage_And_Injuries
11063,Significant_Damage_And_Serious_Injuries
11067,Significant_Damage_And_Serious_Injuries
11069,Highly_Fatal_And_Damaging
11080,Significant_Damage_And_Serious_Injuries
11082,Significant_Damage_And_Serious_Injuries
11083,Significant_Damage_And_Serious_Injuries
11095,Minor_Damage_And_Injuries
11102,Highly_Fatal_And_Damaging
11114,Minor_Damage_And_Injuries
11115,Highly_Fatal_And_Damaging
11122,Minor_Damage_And_Injuries
11125,Highly_Fatal_And_Damaging
11132,Minor_Damage_And_Injuries
11140,Highly_Fatal_And_Damaging
11147,Highly_Fatal_And_Damaging
11148,Significant_Damage_And_Fatalities
11151,Highly_Fatal_And_Damaging
11156,Highly_Fatal_And_Damaging
11168,Minor_Damage_And_Injuries
11174,Highly_Fatal_And_Damaging
11175,Significant_Damage_And_Fatalities
11180,Significant_Damage_And_Fatalities
11189,Significant_Damage_And_Fatalities
11193,Significant_Damage_And_Fatalities
11196,Highly_Fatal_And_Damaging
11197,Significant_Damage_And_Fatalities
11198,Highly_Fatal_And_Damaging
11199,Highly_Fatal_And_Damaging
11204,Significant_Damage_And_Fatalities
11211,Minor_Damage_And_Injuries
11225,Significant_Damage_And_Serious_Injuries
11235,Highly_Fatal_And_Damaging
11239,Significant_Damage_And_Fatalities
11241,Highly_Fatal_And_Damaging
11250,Significant_Damage_And_Serious_Injuries
11251,Significant_Damage_And_Fatalities
11254,Minor_Damage_And_Injuries
11260,Highly_Fatal_And_Damaging
11261,Highly_Fatal_And_Damaging
11263,Highly_Fatal_And_Damaging
11267,Highly_Fatal_And_Damaging
11270,Significant_Damage_And_Fatalities
11272,Minor_Damage_And_Injuries
11275,Minor_Damage_And_Injuries
11276,Significant_Damage_And_Fatalities
11280,Significant_Damage_And_Serious_Injuries
11282,Highly_Fatal_And_Damaging
11287,Significant_Damage_And_Serious_Injuries
11289,Significant_Damage_And_Fatalities
11291,Significant_Damage_And_Serious_Injuries
11293,Highly_Fatal_And_Damaging
11297,Highly_Fatal_And_Damaging
11301,Significant_Damage_And_Serious_Injuries
11308,Minor_Damage_And_Injuries
11309,Highly_Fatal_And_Damaging
11310,Highly_Fatal_And_Damaging
11311,Highly_Fatal_And_Damaging
11312,Highly_Fatal_And_Damaging
11315,Highly_Fatal_And_Damaging
11317,Minor_Damage_And_Injuries
11326,Significant_Damage_And_Serious_Injuries
11334,Significant_Damage_And_Serious_Injuries
11337,Minor_Damage_And_Injuries
11339,Highly_Fatal_And_Damaging
11346,Significant_Damage_And_Serious_Injuries
11347,Minor_Damage_And_Injuries
11348,Significant_Damage_And_Serious_Injuries
11352,Highly_Fatal_And_Damaging
11357,Significant_Damage_And_Serious_Injuries
11360,Minor_Damage_And_Injuries
11368,Significant_Damage_And_Fatalities
11396,Significant_Damage_And_Serious_Injuries
11405,Significant_Damage_And_Serious_Injuries
11411,Minor_Damage_And_Injuries
11412,Highly_Fatal_And_Damaging
11414,Significant_Damage_And_Fatalities
11417,Highly_Fatal_And_Damaging
11421,Significant_Damage_And_Fatalities
11424,Highly_Fatal_And_Damaging
11428,Significant_Damage_And_Serious_Injuries
11436,Minor_Damage_And_Injuries
11438,Highly_Fatal_And_Damaging
11439,Highly_Fatal_And_Damaging
11449,Significant_Damage_And_Fatalities
11454,Minor_Damage_And_Injuries
11456,Highly_Fatal_And_Damaging
11458,Significant_Damage_And_Fatalities
11460,Significant_Damage_And_Fatalities
11461,Significant_Damage_And_Serious_Injuries
11467,Minor_Damage_And_Injuries
11468,Highly_Fatal_And_Damaging
11480,Highly_Fatal_And_Damaging
11485,Significant_Damage_And_Fatalities
11486,Minor_Damage_And_Injuries
11491,Highly_Fatal_And_Damaging
11498,Highly_Fatal_And_Damaging
11501,Significant_Damage_And_Fatalities
11502,Significant_Damage_And_Serious_Injuries
11506,Highly_Fatal_And_Damaging
11521,Minor_Damage_And_Injuries
11523,Highly_Fatal_And_Damaging
11524,Highly_Fatal_And_Damaging
11529,Minor_Damage_And_Injuries
11532,Significant_Damage_And_Serious_Injuries
11542,Highly_Fatal_And_Damaging
11555,Significant_Damage_And_Serious_Injuries
11559,Significant_Damage_And_Fatalities
11563,Minor_Damage_And_Injuries
11566,Minor_Damage_And_Injuries
11572,Significant_Damage_And_Fatalities
11575,Significant_Damage_And_Serious_Injuries
11577,Highly_Fatal_And_Damaging
11579,Significant_Damage_And_Serious_Injuries
11581,Highly_Fatal_And_Damaging
11591,Highly_Fatal_And_Damaging
11594,Highly_Fatal_And_Damaging
11598,Highly_Fatal_And_Damaging
11599,Significant_Damage_And_Serious_Injuries
11601,Highly_Fatal_And_Damaging
11602,Minor_Damage_And_Injuries
11603,Significant_Damage_And_Fatalities
11610,Significant_Damage_And_Fatalities
11611,Highly_Fatal_And_Damaging
11614,Minor_Damage_And_Injuries
11621,Significant_Damage_And_Serious_Injuries
11625,Highly_Fatal_And_Damaging
11632,Minor_Damage_And_Injuries
11633,Significant_Damage_And_Serious_Injuries
11639,Significant_Damage_And_Serious_Injuries
11643,Minor_Damage_And_Injuries
11647,Highly_Fatal_And_Damaging
11648,Highly_Fatal_And_Damaging
11650,Minor_Damage_And_Injuries
11657,Minor_Damage_And_Injuries
11662,Highly_Fatal_And_Damaging
11667,Highly_Fatal_And_Damaging
11681,Highly_Fatal_And_Damaging
11687,Highly_Fatal_And_Damaging
11691,Significant_Damage_And_Fatalities
11707,Minor_Damage_And_Injuries
11708,Significant_Damage_And_Fatalities
11722,Significant_Damage_And_Serious_Injuries
11726,Highly_Fatal_And_Damaging
11729,Significant_Damage_And_Serious_Injuries
11735,Highly_Fatal_And_Damaging
11739,Significant_Damage_And_Serious_Injuries
11741,Significant_Damage_And_Fatalities
11748,Highly_Fatal_And_Damaging
11749,Significant_Damage_And_Fatalities
11757,Significant_Damage_And_Serious_Injuries
11758,Highly_Fatal_And_Damaging
11765,Significant_Damage_And_Fatalities
11766,Highly_Fatal_And_Damaging
11770,Minor_Damage_And_Injuries
11772,Minor_Damage_And_Injuries
11778,Minor_Damage_And_Injuries
11786,Highly_Fatal_And_Damaging
11789,Minor_Damage_And_Injuries
11797,Highly_Fatal_And_Damaging
11800,Minor_Damage_And_Injuries
11804,Highly_Fatal_And_Damaging
11810,Significant_Damage_And_Serious_Injuries
11842,Highly_Fatal_And_Damaging
11843,Highly_Fatal_And_Damaging
11847,Minor_Damage_And_Injuries
11848,Minor_Damage_And_Injuries
11849,Minor_Damage_And_Injuries
11850,Significant_Damage_And_Serious_Injuries
11876,Highly_Fatal_And_Damaging
11879,Significant_Damage_And_Fatalities
11882,Highly_Fatal_And_Damaging
11890,Significant_Damage_And_Fatalities
11894,Significant_Damage_And_Fatalities
11897,Significant_Damage_And_Fatalities
11900,Highly_Fatal_And_Damaging
11904,Highly_Fatal_And_Damaging
11913,Significant_Damage_And_Fatalities
11933,Minor_Damage_And_Injuries
11943,Significant_Damage_And_Fatalities
11944,Significant_Damage_And_Serious_Injuries
11949,Highly_Fatal_And_Damaging
11952,Minor_Damage_And_Injuries
11957,Significant_Damage_And_Fatalities
11960,Minor_Damage_And_Injuries
11975,Significant_Damage_And_Fatalities
11978,Significant_Damage_And_Serious_Injuries
11983,Highly_Fatal_And_Damaging
11990,Minor_Damage_And_Injuries
12002,Significant_Damage_And_Fatalities
12004,Minor_Damage_And_Injuries
12011,Significant_Damage_And_Fatalities
12016,Significant_Damage_And_Fatalities
12020,Significant_Damage_And_Serious_Injuries
12023,Highly_Fatal_And_Damaging
12024,Minor_Damage_And_Injuries
12025,Minor_Damage_And_Injuries
12045,Highly_Fatal_And_Damaging
12051,Minor_Damage_And_Injuries
12054,Highly_Fatal_And_Damaging
12055,Highly_Fatal_And_Damaging
12060,Significant_Damage_And_Serious_Injuries
12065,Minor_Damage_And_Injuries
12068,Highly_Fatal_And_Damaging
12069,Significant_Damage_And_Serious_Injuries
12070,Significant_Damage_And_Fatalities
12072,Highly_Fatal_And_Damaging
12079,Significant_Damage_And_Serious_Injuries
12080,Significant_Damage_And_Serious_Injuries
12086,Minor_Damage_And_Injuries
12096,Significant_Damage_And_Fatalities
12105,Significant_Damage_And_Serious_Injuries
12106,Highly_Fatal_And_Damaging
12107,Minor_Damage_And_Injuries
12121,Significant_Damage_And_Serious_Injuries
12125,Significant_Damage_And_Serious_Injuries
12133,Highly_Fatal_And_Damaging
12134,Significant_Damage_And_Fatalities
12150,Highly_Fatal_And_Damaging
12152,Significant_Damage_And_Fatalities
12163,Highly_Fatal_And_Damaging
12173,Highly_Fatal_And_Damaging
12186,Significant_Damage_And_Serious_Injuries
12188,Minor_Damage_And_Injuries
12191,Highly_Fatal_And_Damaging
12193,Highly_Fatal_And_Damaging
12196,Significant_Damage_And_Fatalities
12198,Significant_Damage_And_Fatalities
12222,Minor_Damage_And_Injuries
12224,Significant_Damage_And_Fatalities
12225,Highly_Fatal_And_Damaging
12229,Highly_Fatal_And_Damaging
12234,Significant_Damage_And_Fatalities
12235,Highly_Fatal_And_Damaging
12236,Highly_Fatal_And_Damaging
12246,Minor_Damage_And_Injuries
12250,Highly_Fatal_And_Damaging
12263,Highly_Fatal_And_Damaging
12264,Significant_Damage_And_Fatalities
12269,Significant_Damage_And_Serious_Injuries
12277,Highly_Fatal_And_Damaging
12292,Significant_Damage_And_Serious_Injuries
12310,Significant_Damage_And_Serious_Injuries
12318,Highly_Fatal_And_Damaging
12329,Highly_Fatal_And_Damaging
12332,Significant_Damage_And_Fatalities
12340,Highly_Fatal_And_Damaging
12346,Significant_Damage_And_Serious_Injuries
12353,Minor_Damage_And_Injuries
12354,Highly_Fatal_And_Damaging
12356,Highly_Fatal_And_Damaging
12366,Significant_Damage_And_Fatalities
12367,Significant_Damage_And_Serious_Injuries
12378,Significant_Damage_And_Serious_Injuries
12389,Minor_Damage_And_Injuries
12390,Minor_Damage_And_Injuries
12402,Minor_Damage_And_Injuries
12406,Minor_Damage_And_Injuries
12412,Highly_Fatal_And_Damaging
12413,Significant_Damage_And_Serious_Injuries
12415,Significant_Damage_And_Serious_Injuries
12420,Highly_Fatal_And_Damaging
12423,Significant_Damage_And_Serious_Injuries
12432,Minor_Damage_And_Injuries
12433,Highly_Fatal_And_Damaging
12435,Significant_Damage_And_Fatalities
12436,Highly_Fatal_And_Damaging
12437,Highly_Fatal_And_Damaging
12438,Highly_Fatal_And_Damaging
12442,Significant_Damage_And_Fatalities
12444,Highly_Fatal_And_Damaging
12446,Minor_Damage_And_Injuries
12461,Minor_Damage_And_Injuries
12473,Significant_Damage_And_Fatalities
12474,Minor_Damage_And_Injuries
12476,Significant_Damage_And_Fatalities
12484,Highly_Fatal_And_Damaging
12487,Significant_Damage_And_Serious_Injuries
12488,Minor_Damage_And_Injuries
12491,Significant_Damage_And_Serious_Injuries
12493,Highly_Fatal_And_Damaging
